"(Intercept)","`let-7a-3p`","`let-7a-5p`","`let-7b-3p`","`let-7b-5p`","`let-7c-3p`","`let-7c-5p`","`let-7d-3p`","`let-7d-5p`","`let-7e-3p`","`let-7e-5p`","`let-7f-1-3p`","`let-7f-2-3p`","`let-7f-5p`","`let-7g-3p`","`let-7g-5p`","`let-7i-3p`","`let-7i-5p`","`miR-100-5p`","`miR-101-3p`","`miR-101-5p`","`miR-103a-2-5p`","`miR-103a-3p`","`miR-106a-5p`","`miR-106b-3p`","`miR-106b-5p`","`miR-107`","`miR-10a-3p`","`miR-10a-5p`","`miR-10b-5p`","`miR-1179`","`miR-1180-3p`","`miR-122-5p`","`miR-1244`","`miR-1246`","`miR-1249-3p`","`miR-1251-5p`","`miR-1254`","`miR-1255a`","`miR-125a-3p`","`miR-125a-5p`","`miR-125b-1-3p`","`miR-125b-2-3p`","`miR-125b-5p`","`miR-1260a`","`miR-1260b`","`miR-126-5p`","`miR-1266-5p`","`miR-1268a`","`miR-1268b`","`miR-1270`","`miR-1271-5p`","`miR-1273h-3p`","`miR-127-3p`","`miR-1276`","`miR-1277-3p`","`miR-1277-5p`","`miR-1278`","`miR-1283`","`miR-128-3p`","`miR-1284`","`miR-1287-3p`","`miR-1287-5p`","`miR-1292-5p`","`miR-1295a`","`miR-1296-3p`","`miR-1296-5p`","`miR-1299`","`miR-1301-3p`","`miR-1303`","`miR-1304-5p`","`miR-1306-3p`","`miR-1306-5p`","`miR-1307-3p`","`miR-1307-5p`","`miR-130a-3p`","`miR-130b-3p`","`miR-130b-5p`","`miR-1323`","`miR-132-3p`","`miR-132-5p`","`miR-1343-3p`","`miR-135a-5p`","`miR-135b-5p`","`miR-136-3p`","`miR-139-5p`","`miR-1-3p`","`miR-140-3p`","`miR-140-5p`","`miR-141-3p`","`miR-141-5p`","`miR-142-3p`","`miR-142-5p`","`miR-143-3p`","`miR-145-3p`","`miR-145-5p`","`miR-1468-5p`","`miR-146a-3p`","`miR-146a-5p`","`miR-146b-3p`","`miR-146b-5p`","`miR-147b`","`miR-148a-3p`","`miR-148a-5p`","`miR-148b-3p`","`miR-148b-5p`","`miR-149-5p`","`miR-150-5p`","`miR-151a-3p`","`miR-151a-5p`","`miR-151b`","`miR-152-3p`","`miR-152-5p`","`miR-155-5p`","`miR-15a-5p`","`miR-15b-3p`","`miR-15b-5p`","`miR-16-2-3p`","`miR-16-5p`","`miR-17-3p`","`miR-17-5p`","`miR-181a-2-3p`","`miR-181a-3p`","`miR-181a-5p`","`miR-181b-2-3p`","`miR-181b-3p`","`miR-181b-5p`","`miR-181c-3p`","`miR-181c-5p`","`miR-181d-5p`","`miR-182-3p`","`miR-182-5p`","`miR-183-3p`","`miR-183-5p`","`miR-184`","`miR-185-3p`","`miR-185-5p`","`miR-186-5p`","`miR-187-3p`","`miR-188-5p`","`miR-18a-3p`","`miR-18a-5p`","`miR-18b-5p`","`miR-190a-3p`","`miR-190a-5p`","`miR-190b`","`miR-191-3p`","`miR-191-5p`","`miR-192-5p`","`miR-193a-3p`","`miR-193a-5p`","`miR-193b-3p`","`miR-193b-5p`","`miR-194-5p`","`miR-195-3p`","`miR-195-5p`","`miR-196a-5p`","`miR-196b-5p`","`miR-197-3p`","`miR-1976`","`miR-199a/b-3p`","`miR-199b-5p`","`miR-19a-3p`","`miR-19b-1-5p`","`miR-19b-3p`","`miR-200a-3p`","`miR-200a-5p`","`miR-200b-3p`","`miR-200b-5p`","`miR-200c-3p`","`miR-200c-5p`","`miR-203a-3p`","`miR-203b-3p`","`miR-204-5p`","`miR-205-3p`","`miR-205-5p`","`miR-20a-3p`","`miR-20a-5p`","`miR-210-3p`","`miR-210-5p`","`miR-2110`","`miR-2115-3p`","`miR-2115-5p`","`miR-2116-3p`","`miR-2116-5p`","`miR-212-3p`","`miR-21-3p`","`miR-215-5p`","`miR-21-5p`","`miR-217`","`miR-218-1-3p`","`miR-218-5p`","`miR-219a-1-3p`","`miR-221-3p`","`miR-221-5p`","`miR-222-3p`","`miR-223-3p`","`miR-223-5p`","`miR-22-3p`","`miR-224-3p`","`miR-224-5p`","`miR-22-5p`","`miR-2277-3p`","`miR-2277-5p`","`miR-2355-3p`","`miR-23a-3p`","`miR-23a-5p`","`miR-23b-3p`","`miR-23b-5p`","`miR-23c`","`miR-24-1-5p`","`miR-24-2-5p`","`miR-24-3p`","`miR-25-3p`","`miR-25-5p`","`miR-26a-1-3p`","`miR-26a-2-3p`","`miR-26a-5p`","`miR-26b-3p`","`miR-26b-5p`","`miR-27a-3p`","`miR-27a-5p`","`miR-27b-3p`","`miR-27b-5p`","`miR-28-3p`","`miR-28-5p`","`miR-296-3p`","`miR-296-5p`","`miR-29a-3p`","`miR-29a-5p`","`miR-29b-1-5p`","`miR-29b-2-5p`","`miR-29b-3p`","`miR-29c-3p`","`miR-29c-5p`","`miR-301a-3p`","`miR-301b-3p`","`miR-3064-3p`","`miR-3064-5p`","`miR-3065-3p`","`miR-3065-5p`","`miR-3074-3p`","`miR-3074-5p`","`miR-30a-3p`","`miR-30a-5p`","`miR-30b-3p`","`miR-30b-5p`","`miR-30c-1-3p`","`miR-30c-2-3p`","`miR-30c-5p`","`miR-30d-3p`","`miR-30d-5p`","`miR-30e-3p`","`miR-30e-5p`","`miR-3128`","`miR-3130-5p`","`miR-3140-3p`","`miR-3143`","`miR-3144-3p`","`miR-3152-5p`","`miR-3157-5p`","`miR-3158-3p`","`miR-31-5p`","`miR-3173-5p`","`miR-3174`","`miR-3177-3p`","`miR-3178`","`miR-3182`","`miR-3200-3p`","`miR-3200-5p`","`miR-320a`","`miR-320b`","`miR-320c`","`miR-320d`","`miR-320e`","`miR-323a-3p`","`miR-32-3p`","`miR-324-3p`","`miR-324-5p`","`miR-32-5p`","`miR-326`","`miR-328-3p`","`miR-330-3p`","`miR-330-5p`","`miR-331-3p`","`miR-331-5p`","`miR-335-3p`","`miR-335-5p`","`miR-338-3p`","`miR-338-5p`","`miR-339-3p`","`miR-339-5p`","`miR-33a-3p`","`miR-33a-5p`","`miR-33b-3p`","`miR-33b-5p`","`miR-340-3p`","`miR-340-5p`","`miR-342-3p`","`miR-342-5p`","`miR-345-5p`","`miR-34a-3p`","`miR-34a-5p`","`miR-3605-3p`","`miR-3605-5p`","`miR-3609`","`miR-3611`","`miR-3613-3p`","`miR-3613-5p`","`miR-361-3p`","`miR-3614-3p`","`miR-3615`","`miR-361-5p`","`miR-3616-3p`","`miR-3616-5p`","`miR-3617-5p`","`miR-3622a-5p`","`miR-3622b-3p`","`miR-362-3p`","`miR-362-5p`","`miR-363-3p`","`miR-3654`","`miR-3656`","`miR-365a-3p`","`miR-365a-5p`","`miR-365b-3p`","`miR-365b-5p`","`miR-3664-3p`","`miR-3688-3p`","`miR-3691-5p`","`miR-369-3p`","`miR-371b-5p`","`miR-374a-3p`","`miR-374a-5p`","`miR-374b-3p`","`miR-374b-5p`","`miR-374c-5p`","`miR-375`","`miR-376c-3p`","`miR-378a-3p`","`miR-378a-5p`","`miR-378c`","`miR-378d`","`miR-378e`","`miR-378f`","`miR-378g`","`miR-378i`","`miR-379-5p`","`miR-381-3p`","`miR-382-3p`","`miR-382-5p`","`miR-383-5p`","`miR-3909`","`miR-3912-3p`","`miR-3913-3p`","`miR-3913-5p`","`miR-3928-3p`","`miR-3939`","`miR-3940-3p`","`miR-409-3p`","`miR-411-5p`","`miR-421`","`miR-423-3p`","`miR-423-5p`","`miR-424-3p`","`miR-424-5p`","`miR-425-3p`","`miR-425-5p`","`miR-4286`","`miR-429`","`miR-4306`","`miR-4326`","`miR-4423-3p`","`miR-4423-5p`","`miR-4443`","`miR-4454`","`miR-448`","`miR-4488`","`miR-4492`","`miR-4497`","`miR-4508`","`miR-450a-5p`","`miR-450b-5p`","`miR-4516`","`miR-451a`","`miR-452-3p`","`miR-452-5p`","`miR-4532`","`miR-4536-5p`","`miR-454-3p`","`miR-454-5p`","`miR-455-3p`","`miR-455-5p`","`miR-4640-3p`","`miR-4662a-5p`","`miR-4664-5p`","`miR-4668-5p`","`miR-4677-3p`","`miR-4677-5p`","`miR-4679`","`miR-4696`","`miR-4728-3p`","`miR-4742-3p`","`miR-4772-3p`","`miR-4775`","`miR-4780`","`miR-4781-3p`","`miR-4787-3p`","`miR-4789-5p`","`miR-4802-5p`","`miR-484`","`miR-486-5p`","`miR-487b-3p`","`miR-488-3p`","`miR-491-3p`","`miR-491-5p`","`miR-493-5p`","`miR-494-3p`","`miR-495-3p`","`miR-497-5p`","`miR-498`","`miR-499a-3p`","`miR-499a-5p`","`miR-5001-3p`","`miR-500a-3p`","`miR-500a/b-5p`","`miR-500b-3p`","`miR-5010-3p`","`miR-501-3p`","`miR-501-5p`","`miR-502-3p`","`miR-503-5p`","`miR-504-5p`","`miR-505-3p`","`miR-505-5p`","`miR-5100`","`miR-511-3p`","`miR-511-5p`","`miR-512-3p`","`miR-515-5p`","`miR-516a-5p`","`miR-516b-5p`","`miR-517a/b-3p`","`miR-517c-3p`","`miR-518b`","`miR-518c-3p`","`miR-518d-5p-group`","`miR-518e-5p-group`","`miR-518f-3p`","`miR-518f-5p`","`miR-519a-3p`","`miR-519a-5p`","`miR-519b-3p`","`miR-519c-3p`","`miR-520a-3p`","`miR-520a-5p`","`miR-520b/c-3p`","`miR-520f-3p`","`miR-522-3p`","`miR-524-5p`","`miR-525-5p`","`miR-526b-5p`","`miR-532-3p`","`miR-532-5p`","`miR-542-3p`","`miR-548a-3p`","`miR-548ad-5p`","`miR-548ag`","`miR-548ah-3p`","`miR-548ah-5p`","`miR-548ai`","`miR-548ak`","`miR-548am-3p`","`miR-548ar-3p`","`miR-548aw`","`miR-548ay-3p`","`miR-548az-5p`","`miR-548b-3p`","`miR-548c-3p`","`miR-548e-3p`","`miR-548e-5p`","`miR-548i`","`miR-548k`","`miR-548l`","`miR-548o-3p`","`miR-548p`","`miR-548q`","`miR-548s`","`miR-548v`","`miR-548w`","`miR-550a-3-5p`","`miR-550a-3p`","`miR-550a-5p`","`miR-556-3p`","`miR-556-5p`","`miR-5588-5p`","`miR-559`","`miR-561-5p`","`miR-5684`","`miR-5699-5p`","`miR-570-3p`","`miR-570-5p`","`miR-574-3p`","`miR-574-5p`","`miR-576-3p`","`miR-576-5p`","`miR-577`","`miR-579-3p`","`miR-582-3p`","`miR-582-5p`","`miR-584-5p`","`miR-589-3p`","`miR-589-5p`","`miR-590-3p`","`miR-590-5p`","`miR-598-3p`","`miR-6087`","`miR-615-3p`","`miR-616-3p`","`miR-616-5p`","`miR-618`","`miR-624-5p`","`miR-625-3p`","`miR-625-5p`","`miR-627-3p`","`miR-627-5p`","`miR-628-3p`","`miR-628-5p`","`miR-629-3p`","`miR-629-5p`","`miR-641`","`miR-643`","`miR-6509-5p`","`miR-6510-3p`","`miR-6511a-3p`","`miR-6511b-3p`","`miR-6513-5p`","`miR-6515-5p`","`miR-651-5p`","`miR-6516-3p`","`miR-6516-5p`","`miR-652-3p`","`miR-652-5p`","`miR-654-3p`","`miR-655-3p`","`miR-659-5p`","`miR-660-3p`","`miR-660-5p`","`miR-664a-3p`","`miR-664a-5p`","`miR-664b-3p`","`miR-664b-5p`","`miR-671-3p`","`miR-671-5p`","`miR-6729-5p`","`miR-6733-5p`","`miR-6734-5p`","`miR-6762-3p`","`miR-676-3p`","`miR-6777-5p`","`miR-6803-3p`","`miR-6818-3p`","`miR-6842-3p`","`miR-6843-3p`","`miR-6858-3p`","`miR-6858-5p`","`miR-6859-5p`","`miR-6882-5p`","`miR-7111-3p`","`miR-7-1-3p`","`miR-744-3p`","`miR-744-5p`","`miR-7-5p`","`miR-760`","`miR-7641`","`miR-766-3p`","`miR-769-5p`","`miR-7704`","`miR-7705`","`miR-7706`","`miR-7976`","`miR-874-3p`","`miR-877-5p`","`miR-885-3p`","`miR-885-5p`","`miR-889-3p`","`miR-92a-1-5p`","`miR-92a-3p`","`miR-92b-3p`","`miR-93-3p`","`miR-934`","`miR-93-5p`","`miR-9-3p`","`miR-940`","`miR-941`","`miR-942-3p`","`miR-942-5p`","`miR-95-3p`","`miR-9-5p`","`miR-96-5p`","`miR-98-3p`","`miR-98-5p`","`miR-99a-3p`","`miR-99a-5p`","`miR-99b-3p`","`miR-99b-5p`"
5.75052542395479,0,0,0,0,0,0,0,0.312311879347511,-0.00504487922466834,0,0,0.0143368243532047,0,-0.00877772559671662,0,0,0,0,0,0,-0.0932956728808055,0.101335986265622,0,0,0,0,0.0753132590575952,0.0857890619954729,0,0,-0.0527247695378069,-0.0507265690653478,0.0533321129036462,0,0,0,0.00331241204672917,0,0,0,0,0,0,0.268296529073809,-0.0394669127613942,-0.206777089105448,0.1337698610731,0,0,0.0162058591281854,0,0,0,0,0.0040261579542991,0,0,0,0,-0.0209797672883843,0,-0.049958384799771,0,0,0,0,0.016636465443683,0,0,0,0,0,-0.0706775975497897,0,0,-0.103477209213265,-0.0041757873658947,0.00985975814621765,0,-0.00143582395549934,0,0,0.0372302522189272,0,0,0,0,0,0,0,0,0,0,0,0,0,0,0,0,0,0,0,0,0,0,0,-0.00406641162087613,0,0,0,0,0,0,0,0,0,0,0,0,0,0,0,0.237976885790506,-0.00217587348937966,0,0.00690176465373522,0,0.00138116358095764,0,-0.235142427981821,0,0,0,0,-0.0283055712600071,-0.0328681768501252,0,-0.0433758202369308,-0.325690819621719,0,-0.0284300922049496,-0.0129204634145028,0.0947126474961589,-0.0232635670582173,0,-0.0698246951068091,0,-0.0143867725364652,0,0,0,0,0,0,0,0,0.120180317546255,0,0,0,0,0,0,0,0,0,0,0,0,0,-0.177038411374611,0.0674962670215635,0,0,0,0,0,0,0,0.0520075215800463,0,0.017682488643091,0,-0.345373853167294,-0.0667698684223112,-0.00995624890507488,0,-0.074511805155811,-0.0905028881945899,0,0,0.112568102374996,0,0,0,0,-0.041204610840082,0,0,0,0,0,0,0,0,0,0,0,0,0,0,0,0,0,0,0,0,-0.0170557883879709,0,0,0,0,0,0,0,0,0,0,-0.0230772551425269,0.0185719621232334,0,0,0,0,0,0.00446377904076192,0,0,0,0,0,0.0861312102002424,0,0,-0.0522669408984637,0,0.00389934675790823,0,0,-0.00213010206771042,0,0,0,0.113397051104668,0,0,0,0,0,0.0244148284466634,0,-0.0202700646671932,0.0155376901319395,0,0,0.0878854677121158,0,0,0.0649965255982609,0,0,0,0,0,0,0,0,0,0,-0.0255480412533208,0.0120322389023557,-0.00205060033482165,0,0,0,0,0,0,0,0,0,0,-0.0262247184583036,-0.0952497523073951,0,0,0,0.0438590155455733,0.0603648352767243,0,0,0,0.186245068831139,0,0,-0.0554689338046458,0,0,0.0110925606121892,0,0,0,0.157446165078252,0,0,-0.0388845438333742,0,0,-0.00515746428487542,0,0.0557675079264135,0.0327327982614844,0,0.0488823971639329,0,0,0,0,0,0,0,0,0,0,0,-0.104039681871765,0,0,0,0,0.00428115289083261,0.00128847295160595,0,0,0,0,0,-0.0760772423497524,0,0,0,0,0.124681222257179,-0.0407890040682972,-0.1000156146812,0,0,-0.204324440719432,0,0.393201302360228,-0.111371181075867,0,0,0,0,0,0,0,0,0,-0.0167721562788854,0,0,0,0,-0.102970817590423,0,0.000314550894483688,0,0.00973085594708972,0,0,-0.090271429674737,0.0136852295525967,0,0,0,0,0,0,0,0,0.144827570658722,0,0,0.0275116139819108,-0.136127375254434,0,-0.0453864635697758,0,0,0,-0.0109263501463263,-0.0845859622548266,0,-0.00266663128627264,0.100672408368785,0.000410442886878659,-0.102181279217914,-0.0407525016269751,0,0,0,-0.181860130668558,0,0,4.53510055049045e-05,0,0,0,-0.0877347512497608,-0.213397082682834,0.0459782648782525,0,0.0238924569892291,0,-0.152306275781768,0,0,0,0,0,-0.0136729276023958,0,0,0,0,0.0712354372350415,0,0,0,0,0.0346465904168979,0,0,0,0,0,0,0,0,0,0.0231881501918458,0,0,0,0.0119705364397813,0,0.067337074162384,0.0727770497175113,0.00534198752205394,-0.0300820458215895,0,0,0,0,0,0,-0.0689101582769175,-0.00688642804675241,0,0.0012602124119075,0.0290859057674444,0,0,-0.159190763714415,0,0,-0.0113489071261582,0,0,-0.160284690409443,-0.338553855757017,0,0,0,0,0.161226715754034,0.0763100962057401,0,0,0,-0.0722977895604027,0,-0.243847150210937,-0.173719526512297,0,-0.00109907212092424,0.113652543633689,0,-0.00681917457408189,0,0.0491855266080628,0,0,-0.0192890673554607,0,-0.0472586104432787,0,0,0,0,0,0.0751487569983035,0,0.0935218067746346,0,-0.223709137242965,0,0,0.0168605178716748,-0.22066404398782,0,-0.0442396325672483,0,0,0,0,0,0,-0.0575982368293725,0,0,0.125748124424747,0.220395685848647,0.214332946552421,-0.259602325159057,-0.0706301387078791,0,0,0,0,-0.161234583976659,0,-0.0435109842580661,-0.16346898047086,0,0.00408857734579816,0,0,0.00598600773720084,-0.0785359474431141,-0.00238039721899866,-0.31729086581638,0,0,-0.0466898881112244,0,0,0,0,0,0.182745163287797,0.0576423302774991,0.129095075953135,0,0.0341937331240729,0,0,0,-0.00550487697463959,-0.0847268117076021,0,0,0,0,0,-0.00275260775422782,0,0,0,0,0,0,0,-0.00355006521440293,0.0546522455031492,0,0,0,0,0,-0.0189248467966984,0,0,0,0,0,0,-0.126385193747873,0,0,0,-0.253277073503399,0
16.0254270983032,0,0,0,0,0,0,0,0,0,0,0,0,0,0,0,0,0,0,0,-0.0380969539196751,0,0,0,0,0,0,0,0,0,0,0,0,0,0,0,0,0,0,0,0,0,0,0,0,0,0,0,0,0,0,0,0,0,0,0,0,0,0,0,-0.0896945597128496,0,0,0,0,0,0,0,0,0,0,0,0,0,0,0,0,0,0,0,0,0,0,0,0,0,0,-0.198464925113045,0,0,0,0,0,0,0,0,0,0,0,0,0,0,0,0,0,0,0,0,0,0,0,0,0,-0.215962300657341,0,0,0,0,0,0,0,0,0,0,0,0,0,0,0,0,0,0,0,0,0,0,0,0,0,0,0,0,0,0,0,0,0,0,0,0,0,0,0,0,0,0,0,0,0,0,0,0,0,0,0,0,0,0,0,0,0,0,0,0,0.548533043222863,0,0,0,0,0,0,0,0,0,0,0,0,0,0,0,0,0,0,0,0,0,0,-0.225417143943985,0,0,0,0,0,0,0,0,0,0,0,0,0,0,0,0,0,0,0,0,0,0,0,0,0,0,0,0,0,0,0,0,0,0,0,0,0,0,0,0,0,0,0,0,0,0,0,0,0,0,0,0,0,0,0,0,0,0,0,0,0,0,0,0,0,0,0,0,0,0,0,0,0,0,0,0,0,-1.66626421510908,0,0,0,0,0,0,0,0,0,0,0,0,0,0,0,0,0,0,0,0,0,0,0,0,0,0,0,0,0,0,0,0,0,0,0,0,0,0,0,0,0,0,0,0,0,0,0,0,0,0,0,0,0,0,0,0,0,0,0,0,0,0,0,0,0,0,0,0,0,0,0,0,0,0,0,0,0,0,0,0,0,0,-0.375038229193532,0,0,0,0,0,0,0,0,0,0,0,0,0,0,0,0,0,0,0,0,0,0,0,0,0,0,0,0,0,0,0,0,0,0,0,0,0,0,0,0,0,0,0,0,0,0,0,0,0,0,-0.388515806455173,0,0,0,0,0,0,0,0,0,0,0,0,0,0,0,0,0,0,0,0,0,0,0,0,0,0,0,0,0,0,0,0,0,0,0,0,0,0,0,0,0,0,0,0.688469639725772,0,0,0,0,0,0.00453685415732898,0,0,0,0,0,0,0,0,0.0490875564332482,0,0,0,0,0,0,0,0,0,0,0,0,0,0,0,0,0,0,0,0,0,0,0,0,0,-0.243233663164556,0,0,0,0,0,0,0,0,0.0367512196245737,0,0,0,0,0,0,0,0,0,0,0,0,0,0,0,0,0,0,-2.19939042628058,0,0,0,0,0,0,0,0,0,0,0,0,0,0,-1.26115760739978,0,0,0,0,0,0,0,0,0,0,0,0,0,0,0,0,0,0,0,0,0,0,0,0,0,0,0,0,0,0,0,0,0,0,0,0,0,0,0,0,0,0,0,0,0,0,0,0,0,0,0,0,0,0,0,0,0,0,0,0,0,0,0,0,0,0,0,0
9.97562931380101,0,0,0,0,-0.124036438265348,0,0,0,0,0,0,0,0,0,0,-0.105257771000348,0,0.020236228503061,0,0,-0.0222890412791257,0,0,0,0,0.0120028852612882,0,0,0,-0.0235735261943807,-0.00557156657597017,0,0,0,0,0.0117660530403707,0,0.231960773054851,0,0,0,0.0212341557267544,0,0.300096305989782,0,-0.0469205815671795,0,0.0490915099933042,0,0,0.00689244636829515,-0.0338570939786615,0.0847975922942231,0,0,-0.0137098984305621,0,0,0,0,0.00439971242414942,0,0.0872288753733695,0,0,0,0,0,0,0,0.00963315690887611,0,0.0595850984710717,0,-0.016389679998108,0,0,0.00679238973870683,0,-0.0063475168667297,-0.584222302749566,0,0.0227517588327182,0,0,0,0,0,0,0,0,-0.00718221906251061,-0.00689802403829406,0,0,0,0.0757847517457439,0,0,0,0,0,0,0,0,0,-0.0157171080649087,0,0,0,0,0,0,0,0,-0.102978654209772,0,0,-0.00647136731001054,0,0,-0.0346576041058991,0,0,0,0.00325320960317543,0,0,0,-0.0935788149346,0,0,0,0,0,0,0,-0.0658501778191561,-0.0489487014993125,0,0,0,0.249229177274943,0,-0.0209746443828272,0,0,-0.000970868442614467,0,0,0,0,0.115599534923165,0,0,0,0,0,0,0,0,0,0,0,0,0,0,0,0,0.0129880467588086,-0.193562619490756,0,0,-0.00994960258679162,0,0.0658652463375016,0,0,0,0,-0.0450882607954161,0,0,-0.0551464772233587,0,0,-0.0110526188871995,-0.0476762028190921,-0.145944489142879,0,0,0,0,0,0,-0.00532183526957821,-0.0192493458367057,0,0,0,-0.00313781589762805,0,0,0,0,0,0,0,-0.156019480872339,0,0,-0.071137473758363,-0.0163229956464067,0.0104451782559204,0.0274114954681331,0,0,0,0,0,0,0,0,0,0,0,0,-0.0810656587980139,0,0.0178788788737845,0,-0.109950564365227,0,0,-0.00776300625310333,0,0,0,0,0,0,0.0820442263267335,0,0,0,0,0,0.0458679359154787,0,0,0,0,0,0,0,0,-0.0338396304407679,-0.0601115900310257,0,0,-0.0307230492317222,0,0.0759276430748338,0,0,0.0742135567767804,0,0,0,0,0,0,0,0,-0.143123616065553,0,0,0,0,0,0.0114413538920991,-0.0355365574338403,-0.0726392638275952,0,0,0,0,-0.0749998029771301,0,0,0,0,-0.0411620561734307,-0.064927874867006,0,0,0,0.062487128929608,0,0,0,0,0.141231378092889,0,0,0,0,0,0,-0.0241378284169726,0,0,-0.210688037352782,0,-0.287039051451987,0,0,-0.00253956587258546,0,0,0,0,0,0,0,-0.0719446777382263,0,0,0,0,0,0,0,0,0,-0.0265215846471871,0,0,0,-0.0618708226182236,0.0410169377093071,0.0907990399448618,0,-0.176071328028189,-0.0356087965928659,0.122716248205401,0.016318044980663,0,0,0,0.158958158300229,0,0,0,0,0.00590341289045571,-0.512452519440007,0,0,0.12573351167971,-0.0118212303489825,0,0,0,-0.0189807800220171,0,0,-0.0103582244439574,0,0,0,0,0,0,0,0,0,0,0,0,0,0,0,0,0,0,-0.0116481201605064,-0.0427929079978342,0.0193095248693529,0,0,0,0,0,0,0,-0.0802282658101624,0,0,0,0,0,0,-0.0572498147071593,0.0543536026035275,0,0,0,-0.211478641218779,0,0,0,0,0,0,0,0,0,0,0.0744924511946276,-0.172847114798816,0,0.0706528987344569,0,0,0,-0.0727745026546885,0,-0.0456795827459322,0,0,0.0111685407844942,-0.0536121375415482,0,0.022269491007969,0,0,0.030334207145312,0,0,0,0,0.209062069153391,0,0,0,0,0,0,0,0,0,0.0433986177015366,0,0,0.00108927673118743,0,-0.0176771636277814,0.0918872323121377,0,0.0860716202858901,-0.0053879000386977,0,0,0,0,0,0,0,0,0,0.0731322903773118,0,-0.0273775468443895,0,0,0,-0.0432982681639255,-0.0105253086015673,-0.14106403585347,-0.0333003014886347,-0.0062284427582835,-0.15589544253512,0,0,0,0,0,0,0,0,0,0,0,0,0,0.187310925128313,0,0,0,0,0,0.0115910338880591,0,0,-0.0351769573091141,0,0,0,-0.0682305440705912,0,0,0,0,0,0,0,0,-0.110397541957201,0,0,-0.142673811410789,-0.00834518350665168,-0.000724552911344573,0,0,0,0,-0.0139382297455509,0,-0.0269437235959518,0,0,0,0,0.00266231795068328,0,-0.0184686988982674,0,0,0,0,-0.0940244230433444,0,0,-0.055552653428012,0,0,0,0,0.0548459406623037,0,-0.0164366323787999,-0.174462450875877,0,0,0,0,0,0,-0.0824571863727732,0,0,0.0864684507095244,0,0,0,0,0,0,-0.0342437382138512,0,0,0,0,0,0,0,-0.0108212894538284,0,0,0,0.0696365975361559,0.0836105110890313,0,0,0,0,0,0,0,0,0,0,0,0,0,0,0,-0.0342270211510085,0,0,0,0,0
-22.4095122541487,0,0,0,0,-0.0960565126173898,0,0,0,0,0,0,0,0,0,0,0,0,0,0,0,0,0,0,0,0,0,0,0,0,0,0,0,0,0,0,0,0,0,0,0,0,0,0,0,0,0,0.0732161043329671,0,0,0,0,0,0.371785030250897,0,0,0,0,0,0,0,0,0,0,0,0,0,0,0,0,0,0,0,0,0,0,0,0,0,0,0,0,0,0,0,0,0,0,0,0,0,0,0,0,0,0,0,0,0,0,0,0,0,0,0,0,0,0,0,0,0,0,0,0,0,0,0,0,0,0,0,0,0,0,0,0,0,0,0,0,0,0,0,0,0,0,0,0,0,0,0,0,0,0,0,0,0,0,0,0,0,0,0,0,0,0,0,0.316714618919685,0,0,0,0,0,0,0,0,0,0,0,0,0.043526574612931,-0.0801244438523442,0,0,0,0,0,0,0,0,0,0,0,0,0,0,0,0,0,0,0,0,0,0,0,0,0,0,0,0,0,0,0,0,0,0,0,0,0,0,0,0,0,0,0,0,0,0.881405708491783,0,0,0,0,0,0,0,0,0,0,0,0,0,0,0,0,0,0,0,0,0,0,0,0,0,0,0,0,0,0,0,0,0,0,0,0,0,0.538597482315485,0,0,-0.206484624898441,0,0,0,0,0,0,0,0,0,0,0,0,0,0,0,0,0,0,0,0,0,0,0.297611699578992,-0.24316059156842,0,0,0,0,0,0,0,0,0,0,0,-0.210393356068664,0,0,0,0,0,0,0,0,0,0,0,0,0,0,0,-0.510763516102795,0,0,0,0,0,0,0.053395298979859,0,0,0,0,0,0,0,0,0,0,0,0,0,0,0,0,0,0,0,0,0,0,0,1.21958508213548,0,0,0,0,1.52087482852993,0,0,0,0,0,0,0,0,0,0,0,0,0,0,0,0,0,0,0,0,0,0,0,0,0,0,0,0,0,0,0,0,0,0,0,0,0,0,0,0,0,0,0,0,0,0,0,0,0,0,0,0,0,0,0,0,0,0,0,0,0,0,0,0,0,0,0,0,0,0,0,0,0,0,0,0,0,0,0.275335126865195,0,0,0,0,0,0,0,0,0,0,0,0,0,0,0,0,0,0,0,0,0,0,0,0,0,0,0,0,0,0,0,0,0,0,0,0,0,0,0,0,0,0,0,0,0,0,0,0,0,0,0,0,0,0,0,0,0,0,0,0,0,0,0,0,0,0,0,0,0,0,0,0,0,0,0,0,0,0,0,0,0,0,0,0,0,0,0,0,0,0,0,0,-0.101096450637086,0,0,0,-0.69539072005836,0,0,0,0,0,0,0,0,0,-1.00110345187846,0,0,0,0,-0.626776994001025,0,0,0,0,0,0,0,0,0,0,0,0,0,0,0,0,0,0,0,0,0,0,0,0,0,0,0,0,0,0,0,0,0,0,-0.14646672877383,0,0,0,0,0,0,0,0,0,0,0,0,0,0,0,0,0,0,0,0,0,0,0,0,0,0,0,0,0,0,0,0,0
5.1483322244601,0,0,0,0,-0.135499951109497,0,0,0,0,0,0,0,0,0,0,-0.161953099246677,0,0,0,0,0,0,-0.329119421993572,0,0,0,0,0,0,0,0,0,0,0,0,0,0,0,0,0,0,0,0,0,0,0,0,0,0,0,0,0,0,0,0,0,0,0,0,0,0,0,0,0,0,0,0,0,-0.106942387470545,0,0,0,0,0,0,0,0,0,0,-0.246374230462187,0,0,0,0,0,0,0,0,0,0,0,0,0,0,0,0,0,0,0,0,0,0,0,0,0,0,0,0,0,0,0,0,0,0,0,0,0,0,0,0,0,0,0,0,0,0,0,0,0,0,0,0,0,0,0,0,0,0,0,0,0,0,0,0,0,0,0,0,0,0,0,0,0,0,0,0,0,0,0,0,0,0,0,0,0,0,0,0,0,0,0,0.317212760200048,0,0,0,0.82739791609865,0,0,0,0,0,0,0,0,0,0,0,0,0,0,0,0,0,0,0,0,0,0,0,0,0,0,0,0,0,-0.67370896728286,0,0,0,0,0,0,0,0,0,0,0,-0.271871423809012,0,0,0,0.169098490903643,0,0,0,0,0,0,0,0,0,0,0,0,0,0,0,0.309272670196306,0,0,0,0,0,0,0,0,0,0,0,0,0,0,0,0,0,0,-0.0229932298807025,0,0,0,0,0,0,0,0,0,0,0,0.0162000589479356,0,0,0,0,0,0,0,0,0,0,0,0,0,0,0,0,0,0,0,0,0,0,0,0,-0.288271443564469,0,0,0,0,0,0,0,0,0.183917482914361,0,0,0,0.067568183937474,0,0,0,0,0,0,1.64872050220838,0,0,0,0,0,0,0,0,0,0,0,0,0,0,0,0,0,0,0,0,0,0,0,0,0,0,0,0,0,0,0,0,0,0,0,0,0,0,0,0,0,0,-0.216096041152795,-0.0682720823215839,0,0.699158716396416,0,0,0,0,0,0,0,0,0,0,0,0,0,0,0,0,0,0,0,0,0,0,0,0,0,0,0,0,0,0,0,0,0,0,0,0,0,0,0,0,-0.383525783654413,0,0,0,0,0,0,0,-1.15873195031673,0,0,0,0,0,0,0,0.185791627079196,0,0,0,0,0,0,0,0,0,0,0,0,0,0,0,0,0,0,0,0,0,0,0,0,0,0.120444658801904,0,0,0,0,0,0,0.204219489519479,0,0,0,0,0,0,0,0,0,0,0,-0.237424346231991,0,0,0,0,0,0,0.00963761168605055,0,0,0,0,0,0,0,0,0,0,0,0,0,-0.0293726068626934,0,0,0,0,0,0,0,0,0.134886437737745,0,0,0,0,0,0,0,0,0,0,0.120963891210933,0,0,0,0,0,0,0,0,0,0,0,0,0,0,0,0,0,0,-1.64601993472023,0,0,0,0,0,0,0,0,0,0,0,0,0,0,-1.28036799368876,0,0,0,0,0,0,0,0,0,0,0,0,0,0,0,0,0,0,0,0,0,0,0,0,0,0,0,0,0,0,0,0,0,0,0,0,0,0,0,0,0,0,0,0,0,0,0,0,0,0,0,0,0,0,0,0,0,0,0,0,-0.385356015016701,0,0,0,0,0,0,0
8.39648274864424,0,0,0,0,0,0,0,0,0,0,0,0,0,0,0,0,0,0,0,0,0,0,0,0,0,0,0,0,0,0,0,0,0,0,0,0,0,0.764765730069665,0,0,0,0,0,0,0,0,0.124227318794067,0,0,0,0,0,0.274403332558749,0,0,0,0,0,0,0,0,0,0,0,0,0,0,0,0,0,0,0,0,0,0,0,0,0,0,0,0,0,0,0,0,0,0,0,0,0,0,0,0,0,0,0,0,0,0,0,0,0,0,0,0,0,0,0,0,0,0,0,0,0,0,0,0,0,0,0,0,0,0,0,0,0.3607809747153,0,0,0,0,0,0,0,0,0,0,0,0,0,0,0,0,0,0,0,0,0,0,0,0,0,0,0,0,0,0,0,0,0,0,0,0,0,0,0,0,0,0,0,0,-0.277714522493515,0,0,0,0,0,0,0,0,0,0,0,0,0,0,0,0,0,0,0,0,0,0,0,0,0,0,0,0,0,0,0,0,0,0,0,0,0,0,0,0,0,0,0,0,0,0,0,0,0,0,0,0,0,0,0,0,0,0.0325289185838054,0,0,0,0,0,0,0,0,0,0,0,0,0,0,0,0,0,0,0,0,0,0,0,0,0,0,0,0,0,0,0,0,0,0,0,0,0,0,0,0,0,0,0,0,0,0,0,0,0,0,0,0,-0.65446315754804,0,0,0,0,0,0,0,0,0,0,0,0,0,0,0,0,0,0,0,0,0,0,0,0,0,0,0,-0.299321456614873,0,0,0,0,0,0,0,0,0,0,0,0,0,0,0,0,0,0,0,0,0,0,0,0,-0.585245474676398,0,0,0,0,0,0,0.723341396563485,-0.0530788560787466,0,0,0,0,0,0,0,0,0,0,0,0,0,0,-0.474727686031993,0,0.0501514864399841,0,0,0,0,0,0,0,0,0,0,0,-0.290576464438805,0,0,0,0,0,0,0,0,0,0,-0.145917877630047,0,0,0,0,0,0,0,0,0,0,0,0,0,0,0,0,0,0,0,0,0,0,0,0,0,0,0,0,0,0,0,0,0,0,0,0,0,0,0,0,0,0,0,0,0,-0.26515251719267,0,0,0,0,0,0,0,0,0,0,0,0,0,0,0,0,0,0,0,0,0,0,0,0,0,0,0,0,0,0,0,0.00511061850201077,0,0,0,0,0,0,0,0,0,0,0,0,0,0,0,0,0,0,0,0,0,-0.379776481477479,0,0,0,0,0,0,0,0,0,0,0,0,0,0,0,0,0,0,0,0,0,0,0,0,0,0,0,0,0,0,0,0,0,0,0,0,0,0,-1.17120981442147,0,0,0,0,0,0,0,0,0,0,0,0,0,0,-0.201221281481255,0,0,0,0,0,0,0,0,0,0,0,0,0,0,0,0,0,0,0,0,0,0,0,0,0,0,0,0,0,0,0,0,0,0,0,0,0,0,0,0,0,0,0,0,0,0,0.0157955577398877,0,0,0,0,0,0,0,0,0,0,0,0,0,0,0,0,0,0,0,0,0
-5.59292405213221,0,0,0,0,0,0,0,0,0,0,0,0,0,0,0,0,0,0,0,0,0,0,0,0,0,0.148583109115568,0,0,0,0,0,0,0,0,0,0,0,0,0,0,0,0,0,0,0,0,0.211225341375385,0,0,0.132786794707171,0,0,0,0,0,0,0,0,0,0,0,0,0,0,0,0,0,0,0,0,0,0,0,0,0,0,0,0,0,0,0,0,0,0,0,0,0,0,0,0,0,0,0,0,0,0,0,0,0,0,0,0,0,0,0,0,0,0,0,0,0,0,0,0,0,0,0,0,0,0,0,0,0,0,0,0,0,0,0,0,0,0,0,0,0,0,0,-0.0691907400830223,0,0,0,0,0,0,0,0,0,0,0,0,0,0,0,0,0,0,0,0,0,0,0,0,0,0,0,0,0,0,0,0,0,0,0,0,0,0,0,0,0,0,0,0,0,0,0,0,0,0,0,0,0,1.1730556257831,0,0,0,0,0,0,0,0,0,0,0,0,0,0,0,0,-0.0170924625697449,0,0,0,0,0,0,0,0,0,0,0,0,0,0,0,0,0,0,0,0,0,0,0,0,0,0,0,0,0,0,0,0,0,0,0,0,0,0,0,0,0,0,0,0,0,0,0,0,0,0,0,0,0,0,0,0,0,0,0,0,0,0,0,0,0,0,0,0,0,0,0,0.31881094380182,0,0,0,0,0,0,0,0,0,0,0,0,0,0,0,0,0,0,0,0,0,0.155837360130133,0,0,0,0,0,0,0,0,0,0,0,0,0,0,0,0,0,0,0,0,0,0,0,0,0,0,0,0,0,0,0,0,0,0,0,0,0,0.0992253457006722,0,0,0,0,0,0,0,0,0,0,0,0,0,0,0,0,0,0,0,0,0,0,0,0,0,0,0,0,0,0,0,0,0,0,0,0,0,0,0,0,0,0,0,0,0,0,0,0,0,0,0,0,0,0,0,0,0,0,0,0,0,0,-0.022592687788809,0.161922529754891,0,0,0,0,0,0,0,0,0,0,0,0,0,0,0,0,0,0,0,0,0,0,0,0,0,0,0,0,0,0,0,0,0,0,0,0,0,0,0,0,0,0,0,0,0,0,0,0,0,0,0,0,0,0.476253814748619,0,0,0,0,0,0,0,0,0,0,0,0,0,0,0,0,0,0,0,0,0,0,0,0,0,0,0,0,0,0,0,0,0,0,0,0,0,0,0,0,0,0,0,0.244673047234134,0,0,0,0,0,0,0,0,0,0,0,0,0,0,0,0,0,0,-1.17691597018836,0,0,0,0,0,0,0,0,-0.0975557677196316,0,0,0,0,0,-0.539960177286624,0,0,0,0,0,0,0,0,0,0,0,0,0,0,0,0,0,0,0,0,0,0,0,0,0,0,0,0,0,0,0,0,0,0,0,0,0,0,0,0,0,0,0,0,0,0,0,0,0,0,0,0,0,0,0,0,0,0,0,0,0,0,0,0,0,0,0,0
-11.8201037047163,0,0,0,0,-0.0318438071871905,0,0.00322858372638981,0.0493428368933896,0.0176502923415906,0,0,0,0,0,0,-0.0883524416116963,0,0.0419531804483818,0,0,0,0,-0.00743837350577293,0,0.125293558289184,0,0,0,0,0,0,0,0.0177993342210473,0.0467963101908457,0,0,-0.00271978031431951,0.0628491937851312,0,0,0,0,0,0.154523775112051,0,0,0.156058488580858,0.0617241141102969,0,0,0,0,0.229450177167265,0,0,-0.0288311053402753,0,0.0523782116096801,0,0,0,0.0694645539387422,0.0282343752299423,-0.00731153270172008,0,0,0,0,0,0,0,-0.0374157078799121,0,0,-0.0439952268363674,0,0,0.0761527326755875,0,-0.0495388348339893,0,0,0.039149384955187,0,0,0,0,0,0,0,-0.0112346589496305,-0.01648760650134,-0.0156046730947941,0,0,0,0.0873890730152032,0,0,0,0.0184686900534463,0.00607935843300546,0,0,0,-0.00818850373822774,0,0,0,0,0,0,0,0,0,0,0,0,0,0,0,-0.0832261722034518,0,0,0,0.0701519338147661,0,0,-0.0137431808635319,-0.201183477061209,0,0,0,0,0,0,0,-0.0426479298406322,-0.0377851104532886,0.0851087068937015,0,0,0,0,0,0,0,0,0,0,0,0,0,-0.0553369692874836,0,0,0,0,0,0,0,0,0,0,0,0,0,0,0,0.0432569701254429,-0.2397706406931,0.0705772985122619,0,0,0,0,0,0,0,0,-0.118048377697641,0,0.0199852461427914,-0.111149715634365,0,0,-0.0144982498593918,-0.055558566205497,-0.156776327518466,0,0,0,0,0,0,0,-0.0243609860562477,0,0,0,0,0,0.0376315896770352,0,0,-0.0656457353300818,0,-0.011878027176295,0,0,0,0,0,0,0,0,0,-0.0481381753047148,0,-0.0392438244682407,0,0,0,0,0,0.0320356991072498,0,0,0,0.0803406943632031,-0.0217488650490447,-0.137820188613249,0,0.00797833785659349,0,0,0,0,0,0,0.0170728646836308,0,0,0,0,0,0,0,0.115683191183901,-0.0133231534152484,0,0,0,0,0.0930685568167368,0,-0.0659491626154266,-0.12299017806239,0,0,0,-0.0476187253715392,0,0,0,0.0753204771135949,0,0.129495060934724,0.0951120195524289,0,0,0,0,0,0,0,0.0395254037137606,0,0,0,0.0284399232634775,0,0,-0.0284923264112574,0,0,0,0,0,0.0253285083239725,0,0,0.0419818153786613,-0.111070501966179,0,0,0,0.382626191848393,0,0,0,0,0.20007495441251,0,0,0,0.0462387330001114,0,0.0683998931337928,-0.119396699085811,0,-0.0812285199421536,0,0.238125234235528,-0.0537933775955919,0,0.13502500889531,0,0,0,0.0524871657158587,0,0.238739177653373,0,0.238728049969914,0,0,0,0.0377163444598838,0,0,-0.0689719420878883,0,0,0,0,0,0,0.0731492995114539,0,0.11754781521316,0.025031551390381,0,-0.12557158590063,0,0.363682351083036,0,0,0,0,0,0,0.045273552911153,0,0,0.00890372256490438,-0.0054878976635776,0,0,0.126636315109752,-0.036857644234998,0,0,0,-0.00380567660461256,0,0,0,0,0,0,0,0,0,0,0,0,0,0,0.105460861628398,0,0,0,0,0,0,0,0,0.0139821011807224,0,0,0,0,0,0,0.0852697496294562,-0.035768749270349,0,0,0,0,0,0,0,0.205426450280738,0,0,0.219337285028922,-0.164523660154458,0,-0.0156465823660241,0,0,-0.0264346817659842,0,0,0,0.0844502227129544,0,0.0754492975403401,-0.124384302422415,0,0,0,0.0339694850865275,0.0498556329897369,0,0,0,0,0,0,-0.180051430225195,0,0.0933429864675404,0,0,0,0,0,0.0122028987284664,0,0.0347035142413995,0,0,0.0961414702384134,0,0,0.102958596933251,0.0498731341869961,0,0.0384274468667209,0.0802259206908107,0,0,0,0,0,0.147778305997207,0.0144012113280481,0.0948071742113971,-0.0087989682191214,0,0,0.0429590337490264,0,0.0238781496444742,0,0.0228659216602063,0.190934147764563,0,0.00399237197387843,0,0,0,-0.177771165102937,0,0,0,-0.0601750686600598,-0.0405402333181137,-0.00718269825195712,-0.210575127805458,0,-0.0350321102723192,0,0.113516213531241,0.10562924275725,0,0,-0.102220048270072,0.0353333278388316,0,0,0,0,0,0,0,0,0.19094190165357,0.116792566037249,0.0551628448127077,-0.124901657725575,0,-0.101176093299489,0,-0.0133429563872116,0,-0.00458143815272526,0,0.0377615810838073,0,0,0,0,0,-0.0248176510815681,-0.0761860456835394,0,0,-0.276696478845946,0,0,0,0,0,0,-0.0580477374382101,0.0191411963398137,0,-0.164614465572187,0.0264634421374609,0.0795469537935321,0,0,-0.243697304201213,0,0,0,0,0,0,0,-0.0434321801222075,0,0,0.00589550434842935,0,0.064948242367957,0.0145068602227601,0,-0.0492995257975468,0,0,-0.0137082066077813,0,0,0,-0.111481652417171,-0.00859948993781084,0,0,0.064330396645513,0,-0.158956329119976,0,0,-0.0746916379367699,0,-0.0229391573256939,0,0,0,0,-0.0312323936180593,0,0,-0.00830256961539603,0,-0.0550676977643038,0,0.00050797620006374,0.0827555249337548,-0.109670992174549,-0.0895589801496283,0.143235881870812,0,0,0,0,-0.0237289224684489,-0.0285326145723543,0,-0.0485610859001073,0,0,-0.034019642321549,0,-0.0967690776402033,0,0.00138310462955585,0,0,0
2.48941920123422,0,0,0,0,0,0,0,0,0,0,0,0,0,0,0,0,0,0,0,0,0,0,0,0,0,0,0,0.203147838961801,0,0,0,0,0,0,0,0,0,0,0,0,0,0,0,0,-0.267521344185763,-0.132324762361766,0.11216428879518,0,0,0,0,0,0,0,0,0,0,0,0,0,0,0,0,0,0,0,0,0,0,0,0,0,0,0,0,0,0,0,0,-0.156523116629201,0,0,0,0.0559650730823971,0,0,0,0,0,0,0,0,0,0,0,0,0,0,0,0,0,0,0,0,0,0,0,0,0,0,0,0,0,0,0,0,0,0,0,0,0,0,0,0,0,0,0,0,0,-0.0115342584611032,0,0,0,0,0,0,0,-0.121533421622842,-0.154766617359376,0,0,0,0,0,0,-0.0712760601464975,0,0,0,0,0,0,0,0,0,0,0.398141573793188,0,-0.117244528621067,0,0,0,0,0,0,0,0,0,0,0,-0.17234036556001,0,0,0,0,0,0,0,0,0,-0.285406218768716,0,0,0,0,0,0,0,0,0,0,0.0178039223855424,0,0,0,0,0,0,0,0,0,0,0,0,0,0,0,0,0,0,0,0,0,0,0,0,0,0,0,0,0,0,0,0,0,0,0,0,0,0.0152987518244179,0,0,0,0,0,0.176694708298969,0,0,0,0,0,0.328672589970996,0,0,0,0,0,0,0,0,0,0,0,0,0,0,-0.00402980478468715,0,0,0.401501410380039,0,-0.186830911835615,0,0,0,0.135676801571436,0,0,0,0,0,0,0,0,0,0,-0.0361217506020174,0,0,0,0.233726054636519,0,0,0,0,0,0,0,0,0,0,0,0,-0.50569264616903,0,0,0,0,0,0,0,0,0.259025065525283,0,0,0,0,0,0,-0.0282775164948917,0,0,0,0,0,0,0,0,0,0,0,0,0,0.172978289335274,0,-0.124756573777613,0,0,0,0,0,0,0,0,0,0,0,0,0,0,0,0,0,0,0,0,0,0,0,0,0,0,0.59799635406609,0,0,0,0,0,0,0.291326055660842,0,0,0,0,0,0,0,0,0,0,0,0,0,0,0,-0.0242975314726774,0,0,0,0,0,0,-0.0551194718387641,0,0,0,0,0,0,0,0,0,0,0,0,0,0,0,0,0,0,0,0,-0.084088036672585,0,0,0.548020721752304,0,-0.267374366705954,0,0,0,0,-0.29712334114198,0,0,0.111368139543066,0,0,0,0,0,0,0,0,0,0,0,0,0,0,0,0,0,0,0,0,0.0132195898597743,0,0,0,0,0,0,0,0,0,0,0,0,0,0,0,0,0,0,0,0,0,0,0,0,0,0,0,0,0,0,0,0,0,0,0.0874646293274709,0.0448896754853958,0,0,0,0,0,0,0,0,0,0,0,0,0,0.318930616130648,0,0,0,0,0,0,0,0,0,0,0.43386713714511,0,0,0,0.0159769834600156,0,0,0,0,0,0,0,0,0,0,0,0,0,0,0,0,0,0,-0.594787433543705,0,0,0,0,0,0,0,0,-0.251457015818467,0,0,0,0,0,-0.629790346575479,0,0,0,0,0,0,0.0352949335688434,0,0,0,0,0,0,0,-0.0447995362038254,0,0,0,0,0,0,-0.134248089179212,0,0,0,0.245085921432201,0,0,0,0,0,0,0,-0.0874082311507553,-0.0693423898787706,0,0,0,0,0,0,0,0,0,0,0,0,0,0,0,0,0,0,0,0,0,0,0,0,0,0,0,0,0,0,0,-0.521486283412111,0
-0.0645417129031463,0,0,0,0,0,0,0,0,0,0,0,0,0,0,0,0,0,0,0,0,0,0,0,0,0,0,0.109175363961887,0.217466113321776,0,0,0,0,0,0,0,0,0,0,0,0,0,0,0,0.014194421640168,0,0,0.0497479216306896,0,0,0,0,0,0,0,0,0,0.247549415124266,0,0,0,0,0,0,0,0,0,0,0,0,0,0,0,-0.0464735132607955,0,0,0,0,0,0,0,0,0,0,0,0,0,0,0,0,0,0,0,0,0,0,0,0,0,0,0,0,0,0,0,0,0,0,0,0,0,0,0,0,0,0,0,0.0556161347743944,0,0,0,0,0,0,0,-0.23487496271386,0,0,0,0,0,0,0,0,0,0,0,0,0,0,0,0,0,0,0,0,0,0,0,0,0,0,0,0,0,0,0,0,0,0,0,0,0,-0.14784673820827,0,0,0,0,0,0,0,-0.451124574645786,0,0.0172740200213697,0,0,0,0,0,0,0,0,0,0,0,0,0,0,0,0,0,0,0.127557286485416,0,0,0,0,0,0,0,0,0,0,0,0,0,0,0,0,0,0,0,0,0,0,0,0,0,-0.0547612907814157,0,0,0,0,0,0,0,0,0,0,0,0,0,0,0,0,0,0,0,0,0,0,0,0,0,0,0,0,0,0,0,0,0,0,0,0,0,0,0,0,0,0,0,0,0,0,0,0.128614760972255,0,0,0,0,0,0,0,0,0,0,0,0,0,0,0,-0.127238657156857,0,0,0,0,0,0,0,0,0,0,0,-0.0609719238024682,0,0,0,0.504209806065626,0,0,0,0,0.258565836053482,0,0,-0.193272544301387,0,0,0,-0.00713542838339593,0,0,0.723949004970449,0.115924047404258,0,0,0,0,0,0,0,0,0,0,0,0,0,0,0,0,0,0,0,0,0,0,0,-0.042153163096264,0,0,0.167648588611608,0,0,0,0,0,0,0,0,0,-0.0637572907261098,0,0,0,-0.239331399953603,0,0,-0.189879708551631,0,0.16716876461531,-0.0524147632684947,0,0,0,0,0,0,0,0,0,0,-0.00824212811342781,0,0,0,0,0,0,0,0,0,0,0,0,0,0,0,0,0,0,0,0,0,0,0,0,0,-0.261608704265445,0,0,0,0,0,0,0.22204826288412,0,0,0,-0.172605159971227,0,0,0,0,0,0,-0.0987371851829295,0,0,0,0,-0.175263129521403,0,0,0,0,0,0,0,-0.0592350934457402,0,0,0,0,0,0,0,0,0,0,0,0,0,0.215055377486379,0,0,0,0,0,0,0,0,0,0,0,0,0.0484114780827941,0,0,0.191156446377805,0,0,0,0,0,0,0,0,0,0,-0.0114657950512344,0,0,0,0,0,0,-0.287656078450607,0,0,-0.179019892032734,0,0,0,0,0,0,0,0.408657706102316,0,0,0,0,0,0,0,0,0,0,0,0,-0.0111226303149237,0,0,-0.0208429192285147,0,0,0,0,0,0,0,0,0,0,0,0,0,0,0,0,0,-0.40364226531911,0,0,0,0,0,0,0,0,0,0,0,0,0,0,-0.706944305601972,0,0,0,0,0,0,0,0,0,0,0,0,0,0.0437236894126969,0,0,-0.244584711879146,0,0,0,0,0,0,0,0,0,0.066058108235563,0,0,0,0,0,0,0,0,0,0,0,0,0,0,0,0,0,0,0,0,0,0,0,0,0,0,0,0,0,0,0,0,0,0,0,0,0,0,0,-0.184241569325983,0
-5.62730052398946,0,0,0,0,0,0,0,0,0,0,0,0,0,0,0,0,0,0,0,0,0,0,0,0,0,0,0,0,0,0,0,0,0,0,0,0,0,0,0,0,0,0,0,1.32264718852013,0,0,0.185593172112018,0,0,0,0,0,0.302476511172638,0,0,0,1.58058399667065,0,0,0,0,0,0,0,0,0,0,0,0,0,0,0,0,0,0,0,0,0,0,0,0,0,0,0,0,0,0,0,0,0,0,0,0,0,0,0,0,0,0,0,0,0,0,0,0,0,0,0,0,0,0,0,0,0,0,0,0,0,0,0,0,0,0,0,0,0,0,0,0,0,0,0,0,0,0,0,0,0,0,0,0,0,0,0,0,0,0,0,0,0,0,0,0,0,0,0,0,0,0,0,0,0,0,0,0,0,0,0,0,0,-0.66131402577761,0,0.204434032667712,0,0,0,0,0,0,0,-1.22035533378369,0,0,0,0,0,0,0,0,0,0,0,0,0,0,0,0,0,0,0,0,0,0,0,0,0,0,0,0,0,0,0,0,0,0,0,0,0,0,0,0,0,0,0,0,0,0,0,0,0,0,0,0,0,0.0093361118258761,0,0,0,0,0,0,0,0,0,0,0,0,0,0,0,0,0,0,0,2.42590589578253,0,0,0,0,0,0,0,0,0.17524209455024,0,0,0,0,0,0,0,0,0,0,0,0,0,0,0,0,0,0,0,0,0,0,0,0,0,0,0,0,0,-0.0484675188621438,0,0,0,0,0,0,0,0,0,0,0,0,0,0,0,0,0,0,0,0,0,0,0,0,0,0,0,0,0,0,0,0,0,0,0,0,0,0,0,0,0,0,0,0,0,0,0,0,0,0,0,0,0,0,0,0,0,0,0,0,0,0,0,0,0,2.10007463375907,0,0,0,0,0,0,0,0,0,0,0,0,0,0,0,0,0,0,0,1.15959471753032,0,0,0,0,0,0,0,0,0,0,0,0,0,0,0,0,0,0,0,0,0,0,0,0,0,0,0,0,0,0,0,0,0,0,0,0,0,0,0,0,0,0,0,0,0,0,0,0,0,0,0,0,0,0,0,0,0,0,0,0,0,0,0,0,0,0,0,0,0,0,0,0,0,0,0,0,0,0,0.37995181845441,0,0,0,0,0,0,0,0,0,0,0,0,0,0,-0.418766758922637,0,0,0,0,0,0,0,0,0,0,0,0,0,0,0,0,0,0,0,0,0,0,0,0,0,0,0,0,0,0,0,0,0,0,0,0,0,0,0,0,0,0,0,0,0,0,0,-0.862438825047173,0,0,0,0,0,0,0,0,0,0,0,0,0,0,0,0,0,0,0,0,0,0,0,0,0,0,0,0,0,0,0,0,0,0,0,0,0,0,0,0,0,0,0,0,0,0,0,0,0,0,0,0,0,0,0,0,-0.0875658228036667,-0.00897641567491376,0,0,0,0,0,0,0,0,0,0,0,0,0,0,0,0,0,0,0,0,0,0,0,0,0
-15.3060054285511,0,0,0,0,0,0,0,0,0.0515669020686179,0,0,0.0343152343982618,0,0,0,-0.0212692885270228,0,0,0,0,0,0.010404365074022,-0.0216600873354457,0,0.114124774990243,0,0,0,-0.00988193952229404,0,-0.0100608111854753,0,0,0,0,0,0,0.0121511178474631,0.0369716896141335,0,-0.0496196005819509,0,0,0.0846633929507344,0,-0.0998286166586556,0.0885890121976454,0,0,0,0,0,0.0792054631259135,0,0,0,0,0,-0.0220711966494641,0,0,0,0.00684103142332058,0,0,-0.000920740919338959,0,0,0,0,0,0,0,0,-0.0175539356140253,-0.0150928294452264,0,0,0,-0.0695855325453061,0,0,0.0440516273579077,0,0,0,0,0,0,0,0,0,-0.0114176781924269,-0.0116946619747699,-0.00893728173973335,0,0.0117816899750976,0,0,0,0,0.172744823363835,0,0,0,0,0,0,0,0,0,0.213264716739711,0,0,0,0,0,0,0,0.0563529324754648,0,0.0278550394193874,0,0,0,0,0,0.0573249744036853,0,-0.0118756490926673,0.0176026789875589,0,0.0285999166062596,0,0.0315825250384124,0,0,-0.0545969738105765,-0.0543726714104491,0,0,-0.0343450175171918,0,0,0,0,0,0,0,0,0,0,0,0,0.00550207320619737,0,0,0,0,0,0.0584051768149689,0,0,0,0,0,0,0,0,0.0864910940418693,-0.161920313055627,0.0141580195454271,0.0824211382530119,0,0,0,0.126609653845693,0,0,0,-0.208116157272034,0,0,0,0,0,0,0,-0.203411440405564,-0.0100192042781921,0,0,0,0.0860859927876321,0,0,0,0,0,0,0,0,0,0,0,-0.0308595369651656,0,0,0,0.0412119989491744,0,0,0,0,0.00587446220358611,0.0312714325924958,0,-0.100552379142799,0,0,0,0.165214561025356,0,0,0.0825641287180146,0,0,0,0,0.0147260657335697,0,0,-0.0369776843090346,0,0,0.00526288889749212,0,0,0,0,0,0,0,0.152321965150445,0,0,0,0.0400981458119451,0.0750477356132406,0,0,0,0,0,0,0,-0.113400943263168,-0.0394872707339724,0,0.11658035361314,0,0,0,0,0.0180392620991131,0,0,0,0.137540170643496,0,0,0,0,0,-0.0030089719415838,0,0,0,0,-0.0323580629935995,0.0561263047707324,-0.0655469892170335,0,0,0,0,0,0,0,0,0,0,0,-0.013848117748755,0,0,0,0.150143894938379,0,0,0,0,0.114940084227468,0,0,0,0.00993431122449224,0,0.0239383101253577,-0.148257874846373,0,0,0.083314876181979,0,0,0,0,0,0,0,0.03708746763117,0,0.108861794882488,0.0209603201699223,0.107851763321046,0,0,-0.0246502985222759,0,0,0,0,0,0.0313902936603279,0,0,0,0,0,-0.11679723964349,0.07822873119613,0.115058588704772,0,0,-0.060234077769285,0.256488741288789,0,-0.0295978404415043,0,0,0,0,0.0392505419859361,0,0,0,-0.0402139927532902,0,0,0.179284232415935,-0.0464101724695036,0,0,0,0,0,0,0,0.0651059520241428,-0.021034934088883,0,0,0.0318486010531087,0,0,0,-0.0155279567174742,0,0,0,0,0,-0.0263923557624157,0,-0.0342638407713515,0,0,0,0,0,0,0,0,0,0,0,0,0,0,-0.0673084113767346,0,0,0,-0.0890216058614708,0.143806285141713,-0.0258090857402137,0,0,0,-0.00671089852073523,0,0,0,0,0,0,0.196836236037542,0,0.0584515124364662,0,-0.105437050119912,0,0,0,0,0.0410537142389316,0,0,0,0,0,0,0,0,0,0,0,0.0199595935998111,0,0,0.0134787914468172,0.015435028277977,0.00740263279435523,0,0,0,0,0,0,0.0276218538574499,0,0,0.025207822159185,0,0.0630891060735695,0,0,0,0.0535380734643311,0,0.0430453507780767,0,0,0,0.00254314563224983,0.00421814067820912,0,0,0,0.0442701526605955,0,0,0,0,0,-0.185666608787152,0,0,0,0,0,0,-0.0614226862265938,0,0,0,0.0854957457392251,0.169225903871443,0.00878572669914176,0,0,0,0,0,0,0,0.00903523196857683,0,0,0,0.0443864246695722,0.0120464110509309,0.0268048781145111,0,-0.168476921748922,-0.0286930428978048,0,0,0,-0.0433488472655943,0,0,0,0,0,0,0,0,-0.0341679766862773,0,0,-0.137772434820838,0,-0.110237056149184,0.0349902369769087,0,0,0,0,0,-0.0676183300263085,-0.193958556277827,0.0802457345591359,0.111043361543924,0,0,-0.436852420934776,0,0,0.0285574697615319,0,0,-0.0650303478722332,0,0,0,0,0,0.0456153104250952,0,0.175791488934994,0,0,0,0,0,0,0,0,0,0,0.165953088573869,0.108515855889128,0,0,-0.0967403805474459,0,0,0,0,0,-0.191564043413662,0,0,0,0,0,0,0,0.0753340633284282,-0.0771308115706095,0,0,0,-0.174942787221066,0,0,0,0,0,0,0,0,0,0,0,0.00228464836261545,0,0,0,0,0,0,-0.0122455857534258,0
-6.74929638862479,0,0,0,0,0,0,0,0,0,0,0,0,0,0,0,-0.0933265227646034,0,0,-0.00200164297438921,0,0,0,-0.00750373030914756,0,0,0,0,0,0,0,0,0,0,0,0,0,0,0.189839330600274,0.324644060278225,0,0,0,0,0.0919418387293739,0,0,0.0760417643271412,0,0,0,0,0,0,0,0,0,0,0,0,0,0,0,0,0,-0.0701258985033246,0,0,0.013346842071742,0,0,0,0,0,0,0,0,0,0,0,0,0,0,0,0,0,0,0,0,0,0,0,0,0,0,0,0,0,0,0,0,0,0,0,0,0,0,0,0,0,0,0,0,0,0,0,0,0,0,0,0,0,0,0.0678893212739475,0,0,0.0380069474923792,0,0,0,-0.122912163578722,0,0,0,0,0,0,0,0,0,0,-0.233161731052886,0,0.00662417832559804,0,0,0,0,0,0,0,0,0,0,-0.0271374043587594,0,0,0,-0.0459046510722253,0,0,0,-0.0337237324024122,-0.143365582260272,-0.122543580701353,0,0,0,0,0,0.134361159849942,-0.276100986331483,0.13700284467336,0.154532570909738,0,0,0,0,0.0173127297315921,0,0.123038347535333,-0.133579772428628,0,0,-0.195386370271701,0,0,0,0,-0.0585719576817382,0,0,0,0,0,0,0,0,0,-0.0274145026445592,0,0,0,0,0,0,0,0,0,-0.114848700246501,0,0,0,0,0,0,0,0,0,0,0,0,0,0,0,0,0,0,0,0,0,0,0,-0.0519728306624968,0,0,0.00620920437520783,0,0,0,0,0,0,0,0,0,0,0,0,0,0,0,0,0,0,0,0,-0.106487558805806,-0.00705066326056577,0,0,0,0,0,0,0,0.0367617682315583,0,0,0,0,0,0,0,0,0,0,0,0,0,0,0.0329197185054599,0,0,0,0,0,0,0,0,0,0,0,0,-0.0517346690115142,0,0,0,0.712242981716069,0,0,0,0,0.228553386290202,0,0.185587252229644,0,0,0,0,-0.180601370860601,0,0,0,0,-0.0487314460493959,0,0,0,0,0,0.02199939063456,0,0,0,0,0,0,0,0,0,0,0,0,0,0,0,0,0,0,0,0,0,-0.026874078954645,0,0,0,0,0,0,0,0,0,0,0,0,0,-0.17802598370897,0,0,0.184241246187821,0,0.192404033252352,0,0,0,0,0,0,0,0.0184700090065341,0,-0.0489941649869988,0,0,0,0,0,0,0,0.171585636553478,0,0,0,0,0,0,0,0,0,0,0,0,0,0,0,0,0,0,0,0,0,0,0,-0.0798828439970245,0,0,0,0,-0.204929207331855,0,0,0,0,0,0,0,0,0,0,0,-0.19640200124148,0,0,0,0.104465409933609,0,0,0,0,0,0,0,-0.0760298323008156,0,0.0015342465065338,0,0,0.0391081358900329,0,0,0,0,0.41518752823184,0,0,0,0,0,0,0,0,0,0,0,0,0,0,0,0,0,0.0713764958227886,0,0,0,0,0,0,0,0,0,0,0,0,0,0,0,0,0,0,-0.0287133495372019,-0.00497109112319056,0,-0.150040666134359,0,0,0,0,0.532326617915809,0,0,0,0,0,0,0,0,0,0,0,0,0,0.421225228220314,0.0136220721751127,-0.0358763534443976,-0.102680024895109,0,0,0,0,0,0,0,0,0,0,0,0,0,0,0,0,-0.177171490097222,0,0,0,0,-0.224297126138179,0,0,0,0,-0.0232376141758807,0,0,0,0,-0.176208551705763,0,0,0,0,0,0,0,0,0,0,0,0,0,0,0,0,0,0,0,0,0,0,0,0,0,0,0,0,0,0,0,-0.0396362306863705,0,-0.0909564235346182,0,0,0,0,0,0,0,0,0,0,0,0,0,0,0,0,0,0,0,0,0,0,0.0229027168760959,0,0,0,0,0,0,0,0,0,-0.132838388357155,0
9.36622966091608,0,0,0,0,0,0,0,0,0,0,0,0,0,0,0,0,0,0,0,0,-0.0590009177009736,0,0,0,0,0,0,0,0,0,0,0,0,0,0,0,0,0,0,0,0,0,0,0,0,-0.261898180629723,0,0,0,0,0,0,0,0,0,0,0,0,0,0,0,0,0,0,0,0,0,0,0,0,0,0,0,0,0,0,0,0,0,0,0,0,0,0,0,0,-0.251590487931623,0,0,0,0,0,0,0,0,0,0,0,0,0,0,0,0,0,0,0,0,0,0,0,0,0,0,0,0,0,0.0409595473441856,0,0,0,0,0,0,0,0,0,0,0,0,0,0,0,0,0,0,0,0,0,-0.0226265686888252,0,0,0,0,0,0,0,0,0,0,0,0,0,0,0,0,0,0.144570516193074,0,0,0,0,0,0,0,0,0,0,0,0,0,0,0,0,0,0,0,0,0,0,0,0,0,0,0,0,0,0,0,0,0,0,0.0246807312326863,0,0,0,0,-0.116710407103127,0,0,0,0,0,0,0,0,0,0,0,0,0,0,0,0,0,0,0,0,0,0,0,0,0,0,0,0,0,0,0,0,0,0,0,0,0,0,0.012479271951654,0,0,0,0,0,0,0,0,0,0,0,0,0,0,0,0,0,0,0,0,0,0,0,0,0,0,0,0,0,0,0,0,0,0,0,0,0,0,0,0,0,0,0,0,0,0,0,0,0,0,0,0,0,0,0,0,0,-0.382312221527306,0,0,0,0,0,0,0,0,0,0,0,0,0,0,0,0,0,0,0,0,0,0,0,0,0,0,0,0,0,0,0,0,0,0,0,0,0,0,0,0,0,0,0,0,0,0,0,0,0,0,0,0,0,0,0,0,0,0,0,0,0,0,0,-0.149544367469315,0,0,0,0,0,0,0,0,0,0,0,0,0,0,0,0,0,0,0,0,0,0,-0.271431453890093,0,0,0,0,0,0,0,0,0,0,0,0,0,0,0,0,0,0,0,0,0,0,0,0,0,0.127706186035146,0,-0.178983388637342,0,0,0,0,0,0,0,0,0,0,0,0,0,0,0,0,0,0,0,0,0,0,0,0,0,0,0,0,0,0,0,0,0,0,0,0,0,0,0,0,0,0,0,0,0,0,0,0,0,0,0,0,0,0,0,0,0,0,0,0,0,0,0,0,0,0,0,0,0,0,0,0,0,0,0,0,0,0,0,0,0,0,0,0,0,0,-0.0203370617694125,0,0,0,0,0,0,0,0,0,0,0,0,0,0,0,0,0,0,0,0,0,0,0,0,0,-0.366025622455535,0,0,0,0,0,0,0,0,0,0,0,0,0,0,-0.302695516046844,0,0,0,0,0,0,0,0,0,0,0,0,0,0,0,0,0,0,0,0,0,0,0,0,0,0,0,0,0,0,0,0,0,0,0,0,0,0,0,0,0,0,0,0,0,0,0,0,0,0,0,0,0,0,0,0,0,0,0,0,0,0,0,0,0,0,-0.370058786473316,0
-5.28116646870835,0,0,0,0,0,0,0,0,0,0,0,0,0,0,0,0,0,0,0,0,0,0,0,0,0,0,0,0,0,0,0,0,0,0,0,0,0,0,0,0,0,0,0,0,-0.0791763538507884,0,1.46269692563113,0,0,0,0,0,0,0,0,0,0,0.115318960791665,0,0,0,0,0,0,0,0,0,0,0,0,0,0,0,0,0,0,0,0,0,0,0,0,0,0,0,0,0,0,0,0,0,0,0,0,0,0,0,0,0,0,0,0.110937785271075,0,0,0,0,0,0,0,0,0,0,0,0,0,0,0,0,0,0,0,0,0,0,0,0,0,0,0,0,0,0,0,0,0,0,0,0,0,0,0,0,0,0,0,0,0,0,0,0,0,0,0,0,0,0,0,0,0,0,0,0,0,0,0,0,0,0,0,0,0,0,0,0.0678190679824085,0,0,0,0,0,0,0,0,0,0,0,0,0,0,0,0,0,0,0,0,0,0,0,0,0,0,0,0,0,0,0,0,0,0,0,0,0,0,0,0,0,0,0,-0.34469424121672,0,0,0,0,0,0,0,0,0,0,0,0,0,0,0,0,0,0,0,0,0,0,0,0,0,0,0,0,0,0,0,0,0,0,0,0,0,0,0,0,0,0,0,0,0,0,0,0,0,0,0,0,0,0,0,0,0,0,0,0,0,0,0,0,0,0,0,0,0,0,0,0,0,0,0,-0.0632213423029986,0,0,0,0,0,0,0,0,0.294744152055539,0,0,0,0,0,0,0,0,0,0,0,0,0,0,0,0,0,0,0,0,0,0,0,0,0,0,0,0,0,0,0,0,0,0,0,0,0,0,0,0,0,0,0,0,0,0,0,0,0,0.211382992953389,0,0,0,0,0,0,0,0,0,0,0,0,0,0,0,0,0,0,0,0,0,0,0,0,0,0,0.899406360831949,0,0,0,0,0,0,0,0,0,0,0,0,0,0,0,0,0,0,0,0,0,0,0,0,0,0,0,0,-0.139985164985726,0,0,0,0,0,0,0,0,0,0,0,0,0,0,0,0,0,0,0,0,0,0,0,0,0,0,0,0,0,0,0,0,0,0,0,0,0,0,0,0,0,0,0,0,0,0,0,0,0,0.55196773580728,0,1.48046868063929,0,0,0,0,0,0,0,0,0,0,0,0,0,0,0,0,0,0,0,0,0,0,0,0,0,0,0,0,0,0,0,0,0,0,0,0,0,0,0,0,0,0,0,0,0,0,0,0,0,0,0,0,0,0,0,0,0,0,0,0,-1.04273414558529,0,0,0,0,0,0,0,0,0,0,0.0174125863471831,0,0,0,-0.704227883268614,0,0,0,0,0,0,0,0,0,0,0,0,0,0,0,0,0,0,0,0,0,0,0,0,0,0,0,0,0,0,0,-0.163996646375116,0,-0.318890549223749,0,0,0,0,0,0,0,0,0,0,0,0,0,0,0,0,0,0,0.30539806692274,0,0,0,0,0,0,0,0,0,0,0,0,0,0,0
-0.141300058629342,0,0,0,0,0,0,0,0,0,0,0,0,0,0,0,0,0,0,0,0,0,0,0,0,0,0,0,0,0,0,0,0,0,0,0,0,0,0,0,0,0,0,0,0,0,0,0,0,0,0,0,0,0,0,0,0,0.00219014630469523,0,0,0,0,0,0,0,0,0,0,0,-0.0890067913068572,0,0,0,0,0,0,0,0,0.0941526898312165,0,0,0,0,0,0,0,0,0,0,0,0,0,0,0,0,0,0,0,0,0,0,0,0,0,0,0,0,0,0,0,0,0,0,0,0,0,0,0,0,0,0,0,-0.0870374455507116,0,0,0,0,0,0,0,0,0,0,0,0,0,0,0,0,0,0,0,0,0,0,0,0,0,0,0,0,0,0,0,0,0,0,0,0,0,0,0,0,0,0,0,0,0,0,0,0,-0.152998833411865,0,0,0,0,0,0,0,0,0,0,0,0,0,0,0,0,0,0,0,0,0,0,0,0,0,-0.0469299823525117,0,0,0,0,0,0,0,0,0,0,0,0,0,0,0,0,0,0,0,0,0,0,0,0,0,0,0,0,0,0,0,0,0,0,0,0,0,0,0,0,0,0,0,0,0,0,0,0,0,0,0,0,0,0,0,0,0,0,0,0,0,0,0,0,0,0,0,0,0,0,0,0,0,0,0,0,0,0,0,0,0,0,0,0,0,0,-0.331295550248628,0,0,0,0,0,0,0,0,0,-0.523522483694986,0,0,0,0,0,0,0,0,0,0,0,0,0,0,0,0,0,0,0,0.253704066821655,0,0,0,0,0,0,0,0,0,0,0,0,0,0,0,0,0,0,0,0,0,0,0,0,0,0,1.08099509106439,0,0,0,0,0.0529025571134597,0,0,0,0,0,0,0.193233594396108,0,0,0,0,-0.390659904299774,0,0,0,0,0,-0.0291288474782585,0,0,0,0,0,0,0,0,0,0,0,0,0,0,0,0,0,0,0,0,0,0,0,0,0,0,0,0,0,-0.0231146862987367,0,0,0,0,0,0,0,0,0,0,0,0,0,0,-0.330340690593909,0,0,0,0,0,0,0,0,0,0,0,-0.0937203177984476,0,0,0,0,0,0,0,0,0,0,0,0,0,0,0,0,0,0,0,0,0,0,0,0,0,0,0,0,0,0,0,0,0,0,0,0,0,0.519416653186508,0,0.126305322949355,0,0,0,0,0,0,0,0,0,0,0,0,0,0,0,0,0,0,0,0,0,-0.0176771370011902,0,0,0,0,0,0,0,0,0,0,0,0,0,0,0,0,0,0,0,0.109912782987358,0,0,0,0,0,0,0,0,0,0,0.0487602028058843,0,0,0,0,0,0,0,-1.08189174066574,0,0,0,0,0,0,0,0,0,0,0,0,0,0,-1.12133341212611,0,0,0,0,0,0,0,0,0,0,0,0,0,0,0,0,0,0,0,0,0,0,0,0,0,0,0,0,0,0,0,0,0,0,0,0,0,0,0,0,0,0,0,0,0,0,0,-0.26118275759292,0,0,0,0,0,0,0,0,0,0,0,0,0,0,0,0,0,0,0,0
-9.06388225971476,0,0,0,0.0699289229675682,0,0,0,0.299555895273203,0,0.0432566683915998,0,0,0,0,0,0,0,0,-0.0197440972446177,0,0,0.0604548273198763,0,0.00751360494204939,0,0,0.0751959310097189,0.0496212907688743,0,0,0,0,0,0,0,0.0817185457441888,0,0,0,0,0,0,0,0,0,0,0.0770788335902594,0,0,0,0,-0.00486766619248657,0,0,0,0,0,0.0190295621559743,0,0,0,0,0.0676456311057304,0,0,0,0,0.17417693952821,0,0,0,0,0,-0.0371038843374649,0,0,-0.0155900836491054,0.00274223303846827,0,-0.0447645205463499,0,0,0.0294911046770603,0,0,0,-0.0220925488686732,0,0,0,0,0,0,0,0,0,0,0,0,0,0,0,0,0,0,0,0,0,0,0,0,0,0,0,0,0,0.0671025151788147,0,0,0,0,0,0.329886859345234,0,0,0.0229825872653808,0,0,0,-0.125882365657679,0,0,0,0,0,0,0,-0.0553652939348602,-0.0353456186436058,0,-0.0896876992280438,0,0,0,0,0,0,0,-0.0421310624202654,0,0,0,0.00458522408647714,0,0,0,0,-0.0174647488210362,0,0,0,0,0,0,0,0,0,0.0742809065431078,0.0653002920402389,0,0,0.14833999088923,0.0314105278291374,0,0,0,0,0,0,0.0605623543911777,-0.0651923191019218,0,0,-0.0808189386408758,0,0,0,0,0,0.0182660013211337,0,0,0,0,0,0,0,0.0365397314591423,0,0,0,0,0,0,0,0,0,0,-0.0635382454146877,0,0,0,0,0,0,0,0,0,0,-0.0298505546876859,0,0,0,0,0,0,0,0,0,0.162276731838536,0,-0.0267625032382036,-0.0675068057912083,0,0,0.095121661352583,0,0,0.031997017788162,0,0,0.00332153305965097,0,0,0,0,0,0.0638190946180374,0,0,0,0,0,0.0162005527652726,0,0,-0.0285203506814302,-0.0340735787251014,0,0.0364339455005728,0,0,0,0,0,0,0,0,0.0112751211874419,0.0454824328969606,0.0572179825952423,0.0299268922285702,0.0331886723353639,0.0434692617488527,-0.104148177840348,-0.12023440037529,0,0,0,-0.0426345553538238,0,0,-0.104556069544773,0,0,-0.169575712213908,0,0,0,0,-0.160028604269755,0,-0.149602016862424,-0.0901104201733288,0,0,-0.0179869582154604,0.0718178370720361,0,0,0,0,0.110182452718545,0,0.0361567667641362,0,0,0,0,-0.0968535355108522,0,0,0,0,0,0,-0.00625551482383995,0,0,0,0,0.00610612296927257,0,0.065480215364371,0,0,0,0,0,0,0,0,0,0,0,0.0479918432205645,0,0,0,0,0,0,-0.046078569631157,0,0,0,0,0,0,0,0.101067771697534,0,0.0897573265514683,0,-0.0255281264318406,0,0,0,-0.0106454426407745,0,-0.0218473891536898,0,0.0557662936364282,0,0,0,0,0,0,0,0,-0.0948644689488898,0,0,0,0,0,0,0,0,0,0,0,0,-0.0640039919925628,0,0,0,0,0,0,0,0,0,0,0.0122286430896175,-0.0804584369473879,-0.00463141500796284,0,0,0,0,0,0,0,0.146563798021172,0.0499859665515848,0,-0.232969299486985,0,0,0,0,-0.225117059959796,0,0,0,0,0,0.0109208293583246,0,-0.0235073199082939,0,0.0339233109662145,0.115588965551575,0,0,0,0,0.0238327951094423,0,0,-0.0470071162034023,0,0,0,0,0.0299858128053987,0,0,0,0.00536905222908731,0.0661771725964736,0,0,0,0,0,0,0,0,0.0126612363959673,0.0511764676341302,0,0.0422108927004432,0,0,0,0.0794735368663935,0.0243126959824005,0.0492078486600658,0,0,0,0,0,0.0130334990939847,0,0,-0.0182247374071829,0,0,0.0575164599345526,0.026639905492682,0,0,0,0,0,-0.0608908435681243,-0.0756977524232896,0,0,0,-0.0226945985551051,0,0,0.219881707951023,0,0,-0.158879778957896,0,-0.00688510883642898,0,-0.0135288784077196,0,0,0,0,0,-0.0182286178783511,0.150595398077875,0.0517534372295218,-0.0154256602696591,-0.0299339675772,0,0,-0.065019079601592,-0.033234338037209,0,0,0,0,0,0,0,0,-0.08419685799621,-0.0700734171880827,0,0,-0.197805875540754,0,-0.0596685547078522,0,0,0,0,0,0.146408575354658,-0.00485170503854361,0,0,0.0514489977307311,0.103501927348823,0,-0.0310485787499121,-0.0878506557050357,-0.0269214581750565,0,0,0,0,0.0376073898177408,0,-0.00348272398750026,0,0,0,0,0.0562945723677208,0,-0.0253348957135635,-0.243740887688299,0,0,0,0.0825331988715579,0,0,0,0,0,0,0,0,0,0,-0.0181640099487391,0,0,-0.0661502287972096,0,0,0,0,0,0,-0.0390812587856877,0.0316897707686429,0,0.0915919197285979,0,0,0,0,0,0,0,0,0,0,0,0,0,0,0,0,0,-0.0285096708005385,0,0,0,-0.0126113245636445,0
-2.86799359638201,0,0,0,0,0,0,0,0,0,0,0,0,0,0,0,0,0,0,0,0,0,0,0,0,0,0,0,0,0,0,0,0,0,0,0,0,0,0,0,0,0,0,0,0,-0.238401982046273,0,0.0921488215933384,0,0,0,0.234295295776805,0,0,0,0,0.0791230588024525,0,0,0,0,0,0,0,0,0,0,0,0,0,0,0,0,0,0,0,0,0,0,0,0,0,0,0,0,0,0,-0.00741549458277431,0,0,0,0,0,0,0,0,0,0,0,0,0,0,0,0,0,0,0,0,0,0,0,0,0,0,0,0,0,0,0,0,0,0,0,0,0,0,0,0,0,0,0,0,0,0,0,0,0,0,-0.303439034565096,0,0,0,0,0,0,0,0,0,0,0,0,0,0,0,0,0,0,0,0,0,0,0,0,-0.0311248683819945,0,0,0,0,0,0,0.268168055064017,0,0,0.224186051003413,0,0,0.581982821556034,0,0,0,0,-0.242422606379647,0,0,0,0,0,0,0,0,0,0,0,0,0,0,0,0,0,0,0,0,0,0,0,0,0,0,0,0,0,0.292866632949331,0,0,0,0,0,0,0,0,0,0,0,0,0,0,0,0,0,0,0,0,0,0,0,0,0,0,0,0,0,0,0,0,0,0,0,0,0,0,0,0,0,0,0,0.32615665737816,0,-0.128314558164215,0,0,0,0,0,0,0,0,0,0,0,0,0,0,0,0,0,-0.5004575216953,0,0,0,0,0,0,0,0,0,0,0,0,0,0,0,-0.165070128491241,0,0,-0.402959507859878,0,0,0,0,0,0,0,0,0,0.041579486193665,0,0,0,0,0,-0.231859918920493,0,0,0,0.37654889198046,0,0,0,0,0,0,0,0,0,0,0,0,0,0,0,0,0,0,0,0,0,0,0,0,0,0,0.554684607004671,0.0779783188609329,-0.023995412942188,0,0,0.0670755769545591,0.0155786492359572,0,0,0,0,0,0,0,0,0,0,0,0,0.292241111704141,0,0,0,0,0,0,0,0,0,0,0,0,0,0,0,0,0,0,0,0,0,0,-0.312797183303716,0,0,0,0,-0.0687208284923037,0,0,0,0,0,0,0,0,0,0,0,0,0,0,0,-0.141119482072286,0.106215402930124,0,0,0,-0.0484858818393053,0,0,0,0,0,0,0,0,0,0,0,0,0,0,0,0,0,0,0,0,0,0,0,0,0,0,0,0,0,0,0,0.0301554998655267,0,0,0,0,0,0,0,0,0.0953698327936848,0,0.00339662832060782,0.234698301253307,0,0,0,0,0,0,0,0,0,0,0,0.159717296109789,0,0,0,0,-0.395495005589115,0,0,0,0,0,0,0,0,0,0,0,0,0,0,0,0,0,0,0,0,0,0,0,0,0,0,0,0,0,0,-0.3921669571884,0,0,0,0,0,0,0,0,0,0,0,0,0,0,0,0,0,0,0,0,-0.975583262065729,0,0,0,0,-0.00119881880650737,0,0,0,0,0,0,0,0,0.254962296435512,-0.0603373510187158,0,0,0,0,0.126464343542809,0,0,0,0,0,0,0,0,0.432645750751202,0,0,0,0,0,0,0,0,0,0,0,0,0,0,0,0,0,0,0,0,0,0,0,0,0,0,0,0,0,0,0,0,0,0,0,0,0,0,0,0,0,0,0,0,0,0,0,0,0,0,0,0,0,0
2.25230548599004,0,0,0,0,-0.0753492225094161,0,0,0,0,-0.0179654102315802,0,0,0,0,0.00758725189325991,0,0,0.0536192277164914,0,0,0,0,0,0,0,0.147578095867041,0,0,0,0,0,-0.00767615738229603,0,0,0,0,-0.00752787522883551,0.0549782567747504,0,0,0,0,0.0148733018074275,0.0911048587101083,-0.0241608874446357,0,0.0457646062717374,0.0229833378928883,0,0.0964575469970928,0,0,0.0918111431865245,0,0,0,0,0,0,-0.00151080198521412,0,0,0,0,0,0,-0.00621733116385123,0,0,0,0,0,0,-0.000472801161883822,0,0,0,0,-0.0794027232456651,0,0,0,0,0,0,0,-0.0385736801889489,0,0,0,0,-0.0253245753480586,0,-0.000471550042578791,0,0,0,0,0,0,0.0660757302260937,0.0943006735706734,0,0,0,0,0,0,0,0,0.0931350714127879,0,-0.00781276352732397,0,0,0,0,0,0,0,0,-0.0425953587400214,0,0.0152567830181112,0,0,0,0,0,-0.012474024513175,0.00407465005855694,0,0.00123301694541372,0,0,0,0,-0.052307453024663,-0.194258204064963,0,0,0,0.121151471538254,0,0,-0.00510293733175529,0,0,0,0,0,0,0,-0.030027612728061,0,0,0,0,0,0,0,0,0,0,0,0,0,0,0,0.00454801293052367,0,0.0192388883952193,0,0,-0.0479016606409474,0.0498012495788903,0,0,-0.0405274759629624,0,0,0.0469262540460124,0,-0.0855413917273426,0,0,0,-0.0418520293259757,0,0,0,0.0147508401115372,0,0,0,-0.00170121481218228,-0.00803826876241075,0,0,0,0,0,0,0,0,-0.0604695468474148,0,0,0,0,0,0,-0.28459870222512,0,0,0,0,-0.0464204152475845,0,0,-0.00804124633196762,0,-0.0676758741475438,0,0,0,0,0,0,0,0,0,0,0,0,0.0697905162405812,0,0,0,0,0,0,0,0,-0.114929280589626,0,0,0,0.0320222305660963,0,0,0,0,0,0.0466344158568268,0,-0.0230239372957095,-0.150158809719897,0.015254730497472,0,-0.0447705662794895,0,0,0,0,0.0153911684327584,0,0,0,0,0,0,0,0,-0.0645419256381177,0,0.0701576121709002,0,0,0,0.0250637496375631,0,-0.117574196253492,-0.0129623049133344,0,0,0.0780142237681328,-0.0307502035839774,0,0,0,0,0,-0.146413442220057,0,0,0,0.099710716461579,0,0,-0.00481651878566133,0,0.113506333657755,0.0331439942070718,-0.00209350206764675,-0.0794697427741727,0,0,0,-0.0091277167434707,0,0,0,0.146164034698633,0,-0.0172681176263094,0.076369737212304,0,0,0,0.0300207569429084,0.0735852115077779,0.0166101467376898,0,0.0168216191075208,0,0,0,0,0,0,0,0,-0.0226120889042038,0,0,0,0,0.0189824613509998,0,0.195565507639566,0.048552288393453,0,0,0,0.138440986418396,0.0309731966868871,0,0,0,0.145275934336008,0,0,0.000436110285411136,0,0,0,0,0,0.104418597234319,-0.0215971660442841,0,0,0,-0.0170714894137938,0,0,-0.0039769867431553,0,0,0,0,0,0,0,0,0,0,0,0.0312389493844124,0,0,0,0,0,0,0,-0.0123621022216848,0.0485221212534428,0,0,0,0,0,0,0,-0.00724127542682367,0,0,0,0,0,0,0,0,0,0,0.0382095516596384,-0.275393280066987,0,0,0,0,-0.115283669250686,0,0,0,0,0,0,-0.100874417201383,0,0,0,0,0,-0.137988246525327,0,-0.0319833353780408,0,0,0,-0.0722132455293736,0,0,0.00741211765983692,0,0,0,0,0,0,0,0,0,-0.00168661759402266,0,0,-0.00168404987183218,0.0740125062835461,0,0,0,0,0,0,0,0,0.0461093615924162,0,0,-0.036155395909799,0,-0.00704171781975732,0.0180873728578869,0,0.0966978062753514,0.000116167654644765,0.0154775476147625,0,0,0,0.00797908404995469,-0.0285704762858194,0,-0.0393870208191464,0,0.0682008356707348,-0.0274840444104111,-0.0438827838544983,-0.0521828321307081,-0.0655850843491073,-0.123063327148534,0,0,0,0,0,0,0.0313638397541436,0,0.0571733759632556,0,-0.096464306270284,0,0.0304270901305734,0.0784243562129101,0,0,0,0,0,0,-0.0660429368454244,0,-0.0440517791480771,-0.00654616405127491,0,0,0,0,0,0,0,0,0,0,-0.0263575340353249,-0.0688536396090206,0,0,-0.172978937380503,0,-0.00445875442677952,0,0,0,0,-0.062675487585476,0,0,-0.0340135927772007,0,0,0.135112852862199,0,-0.0866991706159447,0,0,0,0,0,-0.00250087323980766,0,0,0,0,0,0,0.00813494572121287,0,0,0,-0.128455718869913,0,-0.086659465747905,0,0,0,0,0,0,0,0.0352697184727169,0,0,0,0,-0.00709503627619851,0,-0.0336863374512212,0,0.0827895764697602,0,0,0,0,0,0,0,0,-0.0118029680259436,0,0.0810082011127524,0,-0.119418652228939,0,0,0,0,-0.0465134324253307,-0.00536766687272145,0,0,-0.037071399101382,0,0,-0.000276939144019172,0,-0.0380205391787156,0,0,0,0,0
10.6429672336439,0,0,0,0,0,0,0,0,0,0,0,0,0,0,0,0,0,0,0,0,0,0,0,0,0,0,0,0,-0.227113109702393,0,0,0,0,0,0,0,0,0,0,0,0,0,0,0,0,-0.030875805178134,0,0,0,0,0,0,0,0,0,0,0,0,0,0,0,0,0,0,0,0,0,0,0,0,0,0,0,0,0,0,0,0,-0.0669802663908249,0,0,0,0,0,0,0,0,0,0,0,0,0,0,0,0,0,0,0,0,0,0,0,0,0,0,0,0,0,0,0,0,0,0,0,0,0,0,0,0,0,0,0,0,0,0,0,0,0,0,0,0,0,0,0,0,0,0,0,0,0,0,0,0,0,0,-0.235225195033731,0,0,0,0,0,0,0,0,0,0,0.00103419305988861,0,0,0,0,0,-0.0163734840507785,0,0,0,0,0,0,0,0,0,0,0,0,0,0,0,0,0,0,0,0,0,-0.367729128567041,0,0,0,-0.24102859966031,0,0,0,0,0,0,0,0,0,0,0,0,0,0,0,0,0,0,0,0,0,0,0,0,0,0,0,0,0,0,0,0,0,0,0,0,0,0,0,0,0,0,0,0,0,0,0,0,0,0,0,0,0,0,0,0,0,0,0,0,0,0,0,0,0.0556253193274381,0.333934990583879,0,0,0,0,0,0,0,0,0,0,0,0,0,0,0,0,0,0,0,0,0,0,0,0,0,0,0,0,0,0,0,0,0,0,0,0,0,0,-0.429090764932198,0,0,0,0,0,0,0,0,0,0,0,0,0,0,0,-0.579330525316633,0,0,0,0,0,0,0,0,0,0,0,0,0,0,0,0,0,0,0,0,0,0,0,0,0,0,0,0,0,0,0,0,0,0,0,0,0,-0.0912310294830691,0,0,0,0,0.0658154066793048,0,0,0,0,0,0,0,0,0,0,-0.0129265534883567,0,0,0,0,0,0,0,0,0,0,0,0,0,0,0,0,0,0,0,0,0,0,0,0,0,0,0,0,0,0,0,0,0,0,0,0,-0.0559271785554837,0,-0.0824357090916296,-0.570565489456245,0,0,0,0,0,0,0,0,0,0,0,0,0,0,0,0,0,0,0,0,0.0552406744547345,0,0,0,0,0,0,0,0,0,0,0,0,0,0,0,0,0,0,0,0,0,0,0,0,0.121321634992802,0,0,0,0,0,0,0,0,0,0,0,0,0,0,0,0,0,0,0,0,0,0,0,0,0,0,0,0,0,0,0,0,0,0,0,0,0,0.138192873085672,0.0763283281625222,0,0,0,0,0,0,0,0,0,0,0,0,0,0,0,0,0,0,0,0,0,0,0,0,0,0,0,0,0,0,0,0,-0.877414302366307,0,0,0,0,0,0,0,0,0,0,0,0,0,0,-0.693089933292902,0,0,0,0,0,0,0,0,0,0,0,0,0,0,0,0,0,0,0,0,0,0,0,0,0,0,0,0,0,0,0,0,0,0,0,0,0,0,0,0,0,0,0,0,0,0,0,0,0,0,0,0,0,0,0,0,0,0,0,0,0,0,0,0,0,0,0,0
9.49014098137441,0,0,0,0,0,0,0,0,0,0,0,0,0,0,0,-0.187914754780887,0,-0.0644493841836292,0,0,-0.00119568638986352,0,0,0,0,0,0.00247133504766612,0,0,-0.207040309658317,0,0,0,0.0307537515309054,-0.0395329078274473,0.00951612677209526,0,0,0,0,0,0,0,0.119048625036625,-0.0776329249050752,-0.0640491536512384,0,0,-0.0353873424354458,0,0,-0.0513805654117919,0,0,0,0,0,0.0458432952908399,0,0,0,0,0.0190799845676816,0.0568941250700302,0,0.0232173313167687,0,0,-0.0257516744863662,0,0,0,0,-0.0128706431272102,0,0,0,0.03711500439203,-0.00273764528081945,-0.117764411124617,0,0,0,0,0,0,-0.0398206353513796,0,0,0,-0.00365780521072335,0,0,0,0,0,0,0,-0.0736359818401387,-0.0723737266077599,0,0.122110110468025,0.0240157400709663,0,0,0.016764306388771,-0.0137479983477987,0,0,0,0,0,-0.000741894678851763,0,-0.100350550528504,0,0,0,0,0,0,0,0,0,0,0,0,-0.0119874845538493,0,-0.107851275866688,0,0,0,-0.00953056558501368,0,0,0,0,0,0,-0.0463561446314125,0,0,0,0,-0.0444622472970026,0,0,0,0,0,0,0,0,0,-0.02708849395471,0,-0.0463634419718348,-0.0871230102216534,0,0,0,-0.0237802323736273,0,0,-0.0752520758823043,-0.00765934897649288,0,0,0,-0.189634879024939,0.00229562172979599,0,0,0,0,0,0,0,0,-0.115783839417806,0,0,0,-0.00062139509544228,0,0,-0.0474146008042266,-0.106595691799664,0,-0.0285759601003497,0.242812137102336,0,0,0,0,-0.00584015613341121,0,-0.0860961114336959,0,0,0,0,0,0,-0.043766416725268,0.0353136504609966,0,0,0,0,0,0,0,0.135933374793697,-0.086653607726088,0,-0.000555494621090333,-0.0747829202832772,0,0,0.134812660772328,0,0,0,0,0,0,0,0.03134690945847,0,-0.0771847791451397,0,0,0,0,0,0.125865044888678,0.0238559706171982,0.0273414246883865,0.0773516851707578,0,0,0,0,0,0,0.0666883526457164,0,-0.0221428583420125,0,0,0,0,0.112842827411076,0,-0.171526137954574,-0.114353921740344,0,0,0,0,0,0,0,0.0567614486076325,0,0.0451021351897385,0.197027131925754,0,0.0417540710297788,0.0315623198839636,0.0160353029368126,0.0672493452174795,0,0,-0.0655539582720623,0,0,-0.0303326070146395,0,-0.042816680504574,0,0,0,0,0,-0.0219267537269859,-0.0188473018124103,0,-0.244297000352225,0,-0.0126602751150007,-0.136229930341765,-0.0281106510972142,0,-0.0101595315439642,0.16068781361539,0,0,0,0,0.126862866167667,0,0,0,0,0,0,-0.193804964186734,0,0,0,0,0,0,0.0927461982924858,0,0,0,0.00683611205911075,0,0,0,0,-0.0153088210493498,0,0,0,0,0,0,-0.0491919566930411,-0.133151997972962,0,0,0,0,0.137192567313426,0,0.0463648468095229,0.0797093957209438,0,0.106846602318256,0,0.00130129707438482,0,0,0,0,0,0,0.0839833179073758,0,0,-0.0490307398724417,-0.258923549316668,0,0,0.14609413387173,0,0.0627150973770997,0,0,0,0,0,0,0,0,0.00395058837784413,-0.189111129820726,-0.0869422601301697,0,0,0,0,0,0,0.0380292409654804,0,0,0,0,-0.110720714427532,-0.0544270800131287,0,0,0,0,0,-0.021800621422703,0.0356473661672093,-0.0175953676174141,0,0.232892316961448,0,-0.136073060537566,0,0.0232087408693927,-0.0063622476053986,0,-0.0262292638405243,-0.0161870794438159,0,0,0.0335090283460236,0,-0.333193855037521,0,0,0,0,0,-0.040495674259295,0,0.222943682439263,0,0,0,-0.0998177507783254,0,0,0.00622871506019784,0.0913094982883882,0,0,0,0,0.01211604438621,0,0,-0.0177638034540333,0,0,0,0,0.0188089130664689,0.013323952681511,0.015671480509945,0.0311272884959297,0.0163806984564157,0.0313495206684332,0,0,0,0.0160835292064131,0,0,0.0294529141056639,0,0.0256896228117819,0,0.0396333047549025,0,0.0616393675296757,0,0,0.113093522446007,0.029844902030233,0.0925445487548675,-0.130064570459965,0,0,0,0,0.0795345126331759,0,0,0,0,0.0713850107165109,0,0,0,0.0333912011989368,0,0,0,-0.0224941413821805,0,0,-0.159628609139416,0,-0.0224563834022648,0,0,0.271623786510676,0,0,-0.0873270597302867,0.0372366140154098,0,0,-0.0761530665335112,0,0,0,0,0,0,0.0645780814282687,0.0130803290035731,-0.0657131208619435,-0.134677168502864,-0.00700236439248591,-0.0104603998155531,0,0,0,0,0.0439613471192611,0,0.112879594618731,0,0,0,0,-0.0437038150911622,-0.00757672293807691,-0.00348985569284777,-0.193507234692287,-0.0258801262788918,-0.0202470867867414,0.0842074128532234,0,0,0,-0.0062368292674422,0.0416202428264985,-0.0812720112863915,-0.00847241309324964,0.0893229144266253,0,0,0,-0.126917542217895,0,0,0,-0.00791144890416385,0.136429903561466,-0.075292748716147,0,0,-0.133768123053246,0,0.0129814906905168,0,0,0.160609163161699,0,-0.00808050205166481,0,0,-0.0233927601856778,0,0,0,-0.0755051923608025,-0.0570465313523284,0,0,0.057745412655994,0,0,0,0,0,0,-0.0843586595568629,-0.049469287396863,0,0,-0.0403582248511513,0,0,0,-0.0611873768077938,0.0465590954680321,0,0,0.0664810558047609,0.00738694070545449,-0.000496608545127708,0,0,0,-0.0384057777246239,0.0544023696895461,-0.0206738425723129,0,0,0,-0.106300371391538,-0.0859800070246148,0,0,0,-0.0174722836485214,0,0,0,0,0
2.80130536055443,0,0,0,0,0,0,0,0,0,0,0,0,0,0,0,0,0,0,0,0,0,0,0,0,0,0,0,0,0,0,0,0,0,0,0,0,0,0,0,0,0,0,0,0,0,0,0,0,0,0,0,0,0,0,0,0,0,0,0,0,0,0,0,0,0,0,0,0,0,0,0,0,0,0,0,0,0,0,0,0,0,0,0,0,0,0,0,0,0,0,0,0,0,0,0,0,0,0,0,0,0,0,0,0,0,0,0,0,0,0,0,0,0,0,0,0,0,0,0,0,0,0,0,0,0,0,0,0,0,0,0,0,0,0,0,0,0,0,0,0,0,0,0,0,0,0,0,0,0,0,0,0,0,0,0,0,0,0,0,0,0,0,0,0,0,0,0,0,0,0,0,0,0,0,0,0,0,0,0,0,0,0,0,0,0,0,0,0,0,0,0,0,0,0,0,0,0,0,0,0,0,0,0,0,0,0,0,0,0,0,0,0,0,0,0,0,0,0,0,0,0,0,0,0,0,0,0,0,0,0,0,0,0,0,0,0,0,0,0,0,0,0,0,0,0,0,0,0,0,0,0,0,0,0,0,0,0,0,0,0,0,0,0,0,0,0,0,0,0,0,0,0,0,0,0,0,0,0,0,0,0,0,0,0,0,0,0,0,0,0,0,0,0,0,0,0,0,0,0,0,0,0,0,0,0,0,0,0,0,0,0,0,0,0,0,0,0,0,0,0,0,0,0,0,0,0,0,0,0,0,0,0,0,0,0,0,0,0,0,0,0.290834116692312,0,0,0,0,0,0,0,0,0,0,0,0,0,0,0,0,0,0,0,0,0,0,0,0,0,0,0,0,0,0,0,0,0,0,0,0,0,0,0,0,0,0,0,0,0,0,0,0,0,0,0,0,0,0,0,0,0,0,0,0,0,0,0,0,0,0,0,-0.304368575358266,0,0,0,0,0,0,0,0,0,0,0,0,0,0,0,0,0,0,0,0,0,0,0,0,0,0,0,0,0,0,0,0,0,0,0,0,0,0,0,0,0,0,0,0,0,0,0,0,0,0,0,0,0,0,0,0,0,0,0,0,0,0,0,0,0,0,0,0,0,0,0,0,0,0,0,0,0,0,0,0,0,0,0,0,0,0,0,0,0,0,0,0,0,0,0,0,0,0,0,0,0,0,0,0,0,0,0,0,0,0,0,0,-1.19539638917917,0,0,0,0,0,0,0,0,0,0,0,0,0,0,-0.659831341338232,0,0,0,0,0,0,0,0,0,0,0,0,0,0,0,0,-0.195886867735304,0,0,0,0,0,0,0,0,0,0,0,0,0,0,0,0,0,0,0,0,0,0,0,0,0,0,0,0,0,0,0,0,0,0,0,0,0,0,0,0,0,0,0,0,0,0,0,0,0,0,0
-25.3245962420983,0,0,0,0,0,0,0,0,0,0,0,0,0,0,0,-0.160126845750821,0,0,0,0,0,0,0,0,0,0,0,0,0,0,0,0,0,0.00384677198741968,0,0,0,0,0,0,0,0,0,0,0,0,0.218556267448212,0,0,0,0,0,0,0,0,0,0,0,0,0,0,0,0,0,0,0,0,0,0,0,0,0,0,0,0,0,0,0,0,0,0,0,0.18911719673649,0,0,0,0,0,0,0,0,0,0,0,0,0,0,0,0,0,0,0,0,0,0,0,0,0,0,0,0,0,0,0,0,0,0,0,0,0,0,0,0.300392911442605,0,0,0,0,0,0,0,0,0,0,0,0,0,0,0,0,0,0,0,0,0,0,0,0,0,0,0,0,0,0,0,0,0,0,0,0,0,0,0,0,0,0,0,0,0,0,0,-0.00064780215732366,0.207576379120396,0,0,0,0,0,0,0,0,-0.129080216048829,0,0,0,0,0,0,0,-0.444927435107138,0,0,0,0,0,0,0,0,0,0,0,0,0,0,0,0,0,0,0,0,0,0,0,0,0,0,0,0,0,0,0,0,0,0,0,0,0,0,0,0,0,0,0,0,0,0,0,0,0,0,0,0,0,0,0,0,0,0,0,0,0,0,0,0,0,0,0,0,0,0,0,0,0,0,0,0,0,0,0,0,0,0,0,0,0,0,0,0,0,0,0,0,0,0,0,0,0,0,0,0,0,0,0,0,0,0,0,0,1.72468546250395,0,0,0,0,0.301074677356543,0,0,0,0,0,0.22814815808169,0,0,0,0,0,0,0,0,0,0,0,0.00850901820093665,0,0,0,0,0,0,0,0,0,0,0,0,0,0,0,0,0,0,0,0,0,0,0,0,0,0,0,0,0,0,0,0,0,0,0,-0.244325446936074,-1.09139637399088,0,0.0644089055821156,0,0,0,0,0,0,0,0,0,0,0,0,0,0,0,0,0,0,0,0,0,0,0,0,0,0,0,0,0,0,0,0,0,0,0,0,0,0,0,0,0,0,0,0,0,0,0,0,0,0,0,0,0,0,0,0,0,0,0,0,-0.00872025070544255,0,0,0,0,0,0,0,0,0,0,0,0,0,0,0,0,0,0,0,0,0,0.496519541005373,0,0,0,0,0,0,0,0,0,0.000875058852856709,0,0,0,0,0,0.240168149650984,0,0.0166783749261614,0,0,0,0,0,0,0,0,0,0,0,0,0,0,0,0,0,0,0,0,0,0,0,0,0,0,0.4653571114016,0,0,0,0,0,0,0,0,0,0,0,0,0,0.245380418715509,0.0271689523203521,-0.13358391681801,0,0,0,0,0,0,0,0,0,0,0,0,0,0,0,0,0,-0.537049243645468,0,0,0,0,0,0,0,0,0,0,0.193483096440152,0,0,0,0,0,0,0,0,0,0,0,0,0,0,0,0,0,0,0,0,0,0,0,0,0,0,0,0,0,0,0,0,-0.0334698435788312,0,0,-0.0364774663640173,0,0,0,0,0,0,0,0,0,0,0,0,0,0,0,0,-0.455363972316211,0.310483245615622,0,0,0,0,-0.166046922221058,0,0,0,0,0,0,0,0,0,0,0,0,0
-26.2430536475146,0,0,0,0,0,0,0,0,0,0,0,0,0,0,0,0,0,0,0,0,0,0,0,0,0,0,0,0,0,0,0,0,0,0,0,0,0,1.85826311775268,0,0,0,0,0,0,0,0,0,0,0,0,0,0,0,0,0,0,0,0,0,0,0,0,0,0,0,0,0,0,0,0,0,0,0,0,0,0,0,0,0,-0.993424059683708,0,0,0,0,0,0,0,0,0,0,0,0,0,0,0,0,0,0,0,0,0,0,0,0,0,0,0,0,0,0,0,0,0,0,0,0,0,0,0,0,0,0,0,0,0,0,0,0,0,0,0,0,0,0,0,0,0,0,-0.0581216769372847,0,0,0,0,0,0,0,0,0,0,0,0,0,0,0,0,0,0,0,0,0,0,0,0,0,0,0,0,0,0,0,0,0,0,0,0,0,0,0,0,0,0,0,0,-1.64726186782844,0,0,0,0,0,0,0,0,0,0,0,0,0,0,0,0,0,0,0,0,0,0,0,0,0,0,0,0,0,0,0,0,0,0,0,0,0,0,0,0,0,0,0,0,0,0,0,0,0,0,0,1.27471315079293,0,0,0,0,0,0,0,0,0,0,0,0,0,0,0,0,0,0,0,0,0,0,0,0,0,0,0,0,0,0,0,0,0,0,0,0,0,0,0,0,0,0,0,0,0,-0.155272402797871,0,0,0,0,0,0,0,0,0,0,-0.207009997445835,-0.190359079831337,0,0,0,3.26047598120365,0,0,0,0,0.549181298872198,0,0,0,0,0,0,0,0,0,0,0,0,0,0,0,0,0,0,0,0,0,0,0,0,0,0,0,0,0,0,0,0,0,0,0,0,0,0,0.0698320986284759,0,0,0,0,0,0,0,0,0,0,0,0,0,0,0,0,0,0,0,0,0,0,0,0,0,0,0,0,0,0,0,0,0,0,0,0,0,0,0,0,0,0,0,0,0,0,0,0,0,0,0.0476913862683827,0,0,0,0,0,0,0,0,0,0,0,0,0,0,0,-0.759989260253843,0,0,0,0,0,0,0,0,0,0,0,0,0,0,0,0,0,0,0,0,0,0,0,0,0,0,0,0,0,0,0,0,0,0,0,0,0,0,0,0,0,0,0,0,0,0,0,0,0,0.293787011971788,0,0,0,0,0,0,0,0,0,0,0,0,0,0,0,0,0,0,0,0,0,0,0,-0.126799954180008,0,0,0,0,0,0,0,0,0,0,0,0,0,0,0,0,0,0,0,0,0,0,-0.0922161991305415,0,0,0,0,0,0,0,0,0,0,0,0,0,0,0,-0.959369674949058,0,0,0,0,0,0,0,0.143147757119887,-1.16229856983321,0,0,0,0,0.629467457529438,0,0,0,0,0,0,0,0,0,0,0,0,0,0,0,0,0,-0.595872467747133,0,0,0,0,0,0,0,0,0,0,0,0,0,0,0,0,0,0,0,0,0,0,0,0,0,0,0,0,0,0,0,0,0,0,0,0,0,0,0,0,0,0,0,0,0,0,0,0,0,0,0
12.7605110379204,0,0,0,0,0,0,0,0.0105201169557135,0,0,0,0,0,0,0,0,0,0,0,0,0,0,-0.0548856727334031,0,0,0,0,0,0,0,0,0,0,0,0,0,0,0,0,0,0,0,0,0,0,0,1.04546585029408,0,0,0,0,0,0,0,0,0,0,0.155915600856147,0,0,0,0,0,0,0,0,0,0,0,0,0,0,0,0,0,0,0,0.0469208105927772,0,-0.355215731819767,0,0,0,0,0,0,0,0,0,0,0,0,0,0,0,0,0,0,0,0,0,0,0,0,0,0,0,0,0,0,0,0,0,0,0,0,0,0,0,0,0,0,0,0,0,0,0,0,0,-0.269687029200561,0,0,0,0,0,0,0,0,0,0,0,0,0,0,0,0,0,0,0,0,0,0,0,0,0,0,0.12032348279303,0,0,0,0,0,-1.19974769245172,0,0,0,0,0,0,0,-0.320680663000296,0.429950724498928,0,0,0,0,0,0,0,0,0,0,0,-0.816454725275563,-0.0503624944735044,0,0,0,-0.163725436324783,0,0,0,0,0,0,0,0,0,-0.208856533887863,0,0,0,0,0,0,0,0,0,0,0,0,0,0,0,0,0,0,0,0,0,0,0,0,0,0,0,0,0,0,0,0,0,0,0,0,0,0,0,0,0,0,0,0,0,-0.105573294989204,0,0.0995900561459999,0,0,0,0,0,0,0,0.0114165738244804,0,0,0,0,0,0,0,0,0,0,0,0,0,0.554630255336176,0,0,0,0,0,0,0,0,0,0,0,0,0,0,0,0,0,0,0,0,0,0,0,0,-0.637649359529984,0,0,0,0.0612710206744183,0,0,0,0,0,0,0,0,0,0,0,0,0,0,0,0,0,0,0,0,0,0,0.209322837904098,0,0,0,0,0,0,0,0,0,0,0,0,0,0,0,0,0,0,0,0,0,0,0,0,0,0,0,0,0,0,0,0.038729674663613,0,0,0,0,0,0,0.754548459983159,-0.725761093850626,0,0,0,0,0,0,0,0,0,0,0,0,0,0,0,0,0,0,0,0,0,0,0,0,0,0,0,0,0,0,0,0,0,0,0,0,0,0,0,0,0,0,0,0,0,0,0,-0.161667567623419,0,0,0,0,0,0,0,0,0,0,0,0,0,0,0,0.0190159988755422,0,0,0,0,0,0,0,0,0,0,0,0,0,0,0.0189645025686152,0,0,0,0,0,0,0,0,0,0.0299397751610203,0,0,0,0,0,0,0,0,0,0,0,-0.296933222719561,0,0,0,0,0,0,0,0,0,0,0,0,0,0,0,0,0,0,0,0,0,0,0,0,0,0,0,0,0,0,0,0,0,0,0,0,0,0,0,0.0139454685710949,0,0,0,0,0,0,0,0,0,0,0,0,0,0,0,-0.481183613859776,0,0,0,-0.37958720131908,0,-0.295915602243495,0,0,0,0,0,0,0,0,0,0,0,0,0,0,0,0,0,0,0,0,0,0,0,0,0,0,0,0,0,0,0,0,0,0,0,0,0,0,0,0,0,0,0,0,0,0,0,0,0,0,0,0,0,0,0,0,0,0,0,0,0,0,0,0,0,0,0,0,0,0,0,0,0,0,0,0,0,0,0,0,0
0.456244109840432,0,0,0,0,-0.0562417416413338,0,0,0.17885970514739,0,0,0,0,0,0,0,0,-0.150079842205388,0.0155266457292496,0,0,0,0.0339576111410992,-0.00958184593285688,0,0,0,0.0254376717825588,0.0356688208558201,0,0,-0.00542217694485882,-0.0594077706471393,0,0,0,0,0,0.073157302719834,0.157164973117372,0,0.0221712573869145,0,0,0.312825373496172,-0.0388243866369654,0,0.131477642491488,0,0,0.00522550774022157,0,0,0.0384150884654378,0,0,0,0,0.0394587848303995,0,-0.0284515109245686,0,0,0,0.000259291901417029,0,0,0.000985387539175058,0,0,0,-0.00703134829984508,-0.187127147733692,-0.00755032169229615,0,0,0,0,0.0104328551308102,-0.0171241753577036,-0.0153234994193756,0,0,0,0,0,0,-0.0736669292254989,0,0,0,0,0,0,0,0,0.0271991625944636,0,0,0,0,0.0241458432656693,0,0,0,0,0,0,0,0,0,0,0,0,0,0,0,0,0,0,0,0,0,0,0,0,0,0,0,-0.0546886565385054,-0.190152121970357,0,0,0,0,0,0,0,-0.0188399769493316,-0.190515223220822,0,-0.0652761606856963,0,0,0,0,-0.077552641474663,0,0,0,0,0,-0.0153302790017012,-0.145738998697226,0,0,0,0.0711991049535271,0,-0.130508596491704,0,0,0,-0.198892253924858,0,0,0,0,0.0353334241452731,0,0,-0.197744984084184,0.190448982016306,0,0,0,0,0,0,0,0,-0.022544964622284,0,0,0,-0.079325262354448,0,0,-0.127038874120696,-0.107488422117302,0,0,0.0626967145368533,0,0,0,0,0,0.0379750423714989,-0.149265838488465,0,0,0,0,0,0,-0.12681067930443,0.081989508334707,0,0,0,0,0,0,0,0.0178822622124696,-0.0823009104171292,0,-0.0627143718818904,0,0,0,0,0,0,0,0,0,0,0.0322997725687613,0.0728685205964467,0,-0.15605924923673,0,0,0,0.052207380697879,0,0,0,0.0449882894301457,0,0,0,0,0,0,0,0.0566427145794312,0,-0.0725493102433815,0,0,0,0,0.236447629408856,0,-0.123216607150658,-0.0405083638298086,-0.0274628266835413,0.0483543984164271,0,0,0,0,0,0.0684028753870945,0,0.0281879890575629,0.277514503135545,0,0,0,0,0.0088978261761853,0,0,0,0,0,0,0,0,0,0,0,0,0,0,-0.0011887081119402,0,0,0,0,-0.144583051003548,0,0,0,0.382467829384921,0,0,0,0,0.293979434823921,0,0,-0.0582340177211722,0,0,0,-0.14631646535685,0,0,0.0298270168285933,0.215536895142189,-0.182906543465732,-0.0516665553135536,0.21601148622082,0,0,0,0.0826700839975166,0,0,0,0,0,0,0,0,0,0,0,0,0,0,0,0,0,0.101740382454603,0,0.119833864377061,0,-0.0435941037641869,0,0,0.142488141139551,0,0,0,0,-0.0521433062885886,0,0,0.0372372523319472,-0.0277757912710918,0,-0.0711205848103564,0,0,0.127323157960016,0,0.0684387455748009,0,0,0,0,0,0,0,0,0,-0.0438333254093274,0,0,0,0,0,0,0,0.0321119890374052,0,0,0,-0.0207526082881819,0,-0.0641150345204009,0,0,0.0155383838034018,0,0,0,0.0697355392635431,-0.00762304339391304,0,0.0744060081913306,-0.00572115476915451,-0.117329436279578,0,0,-0.0789648160371788,0,-0.0237652771101502,-0.0947922940528388,0,0,0.100061390076641,0.000221141647790116,-0.213114547762486,0,0,0,0,-0.130165985041812,0,0,0,0.0140984869766107,0,0,-0.034311422362894,0,0.0305535659152699,0.0426621254939191,0.0264532580410515,0,0,0,0,0.115360021177144,0,0,-0.0319990467330951,0,0.0502017160428229,0,0,0.0375245100170316,0,0,0,0,0.0267954145193832,0.0171971000402378,0,0,0,0,0,0.0478810582577138,0,0.0634718292651126,0.0504722977478814,0,0.0139497690168477,0,0,0,0.125226397063099,0.00828541340224559,0.0593355789236359,-0.11414713499796,0,-0.00829411834150862,0,0.00072185362259317,0.0434631852363674,0,0,-0.084373027361491,0.00571649300945904,0,0,0,0,0,0,0,0,-0.0598568696478502,0,0,0,0,-0.021379177283953,0,0.0585113602230336,0.219315430423823,0,0,-0.0982943181022552,0,-0.00918125459667617,0,-0.143749740391088,0,0,-0.0435473744127126,0,0,-0.0843786750820514,0.122950847927787,0.0248661362863998,0,-0.00967170759357234,-0.0104466240305614,-0.0185875453276805,-0.0219152562123006,0,0,0,0,0,0,0,0,0.0147495813642715,0,-0.0662264933233582,0,-0.0619342995294241,-0.180218941637373,0,-0.147083069061547,0,0,-0.142960724639168,0,0,0.053312996502567,-0.0688883916502097,0,0.0152640432301157,0,0,0.0630866754568799,-0.432634176948409,-0.00513588011737182,0,0,0,0.0623384998005794,-0.00922519878327766,0,-0.119837563756825,0,0,0.0454700168465669,0,0,0.0838752979464399,0,0,-0.274164666556235,0.0995276098736276,0,0,0,0,0,-0.123521816026495,0,0.0385103257950493,0.107831001645725,0.0307647641856646,0,0,0,-0.0514640470762747,0,0,0,0,0,0,0,0,0,0,0,0,0,0,0.00880889945369293,0,-0.108808147151042,0,0,0,0,-0.102487062256227,0,-0.0820833967908175,0,0,0,0,0,0,-0.0447780372141112,0,0,0.175456892785715,-0.0955921964228632,0
14.173990099067,0,0,0,0,0,0,0,0,0,0,0,0,0,0,0,0,0,0,0,0,0,0,0,0,0,0,0,0,0,0,0,0,0,0,0,0,0,0,0,0,0,0,0,0,0,0,0,0,0,0,0,-0.323508581334352,0,0,0,0,0,0,0,0,0,0,0,0,0,0,0,0,0,0,0,0,0,0,0,0,0,0,0,0,0,0,0,0,0,0,0,0,0,0,0,0,0,0,0,0,0,0,0,0,0,0,0,0,0,0,0,0,0,0,0,0,0,0,0,0,0,0,0,0,0,0,0,0,0,0,0,0,0,0,0,0,0,0,0,0,0,0,0,0,0,0,0,0,0,0,0,0,0,0,0,0,0,0,0,0,0,0,0,0,0,0,0,0,0,0,0,0,0,0,-0.38509281178169,0,0,0,0,0,0,0,0,0,0,0,0,0,0,0,0,0,0,0,0,0,0,0,0,0,0,0,0,0,0,0,0,0,0,0,0,0,0,0,0,0,0,0,0,0,0,0,0,0,0,0,0,0,0,0,0,0,0,0,0,0,0,0,0,0,0,0,0,0,0,0,0,0,0,0,0,0,0,0,0,0,0,0,0,0,0,0,0,0,0,0,0,0,0,0,0,0,0,0,0,0,0,0,0,0,0,0,0,0,0,0,0,0,0,0,0,0,0,0,0,0,0,-0.0481674962968977,0,0,0,0,0,0,0,0,0,0,0,0,0,0,0,0,0,0,0,0,-0.892849428126345,0,0,0,0,0,0,0,0,0,0,0,0,0,0,0,0,0,0,0,0,0,0,0,0,0,0,0,0,0,0,0,0,0,0,0,0,0,0,0,0,0,0,0,0,0,0,0,0,0,0,0,0,0,0,0,0,0,0,0,0,0,0,0,0,0,0,0,0,0,0,0,0,0,0,0,0,0,0,0,0,0,0,-0.46016042337502,0,0,0,0,0,-0.0866606085829791,0,0,0,0,-0.531383874777513,0,0,0,0,0,0,0,0,0,0,0,0,0,0,0,0,0,0,0,0,0,0,0,0,0,0,0,0,0,0,0,0,0,0,0,0,0,0,0,0,0,0,0,0,0,0,0,0,0,0,0,0,0,0,0,0,0,0,0,0,0,0,0,0,0,0,0,0,0,0,0,0,0,0,0,0,0,0,0.089201073622194,0,0,0,0,0,0,0,0,0,0,0,0,0,0,0,0,0,0,0,0,0,0,0,0,0,0,0,0,0,0,0,0,0,-0.91091058323483,0,0,0,0,0,0,0,0,0,0,0,0,0,0,-0.600199988781467,0,0,0,0,0,0,0,0,0,0,0,0,0,0.100522253736136,0,0,-1.61895204148694,0,0,0,0,0,0,0,0,0,0,0,0,0,0,0,0,0,0,0,0,0,0,0,0,0,0,0,0,0,0,0,0,0,0,0,0,0,0,0,0,0,0,0,0,0,0,0,0,0,0,0
8.17041113018093,0,0,0,0,0,0,0,0,0,0,0,0,0,0,0,0,0,0,0,0,0,0,0,0,0,0,0.680640393089131,0,0,0,-0.00297979006813171,0,0,0,0,0,0,0,0,0,0,0,0,0.231149768130957,0,0,0,0,0,0,0,0,0,0,0,0,0,0,0,0,0,0,0,0,0,0,0,0,0,0,0,0,0,0,0,0,0,0,-0.29941885420438,0,0,0,0,0,0,0,0,0,0,0,0,0,0,0,0,0,0,0,0,0,0,0,0,0,0,0,0,0,0,0,0,0,0,0,0,0,0,0,0,0,0,0,0,0,0,0,0,0,0,0,0,0,0,0,0,0,0,0,-0.567262763602025,0,0,0,0,0,0,0,0,0,0,0,0,0,0,-0.491512881670636,0,0,0,0,0,0,0,0,0,0,0,0,0,0,0,0,0,0,0,0,0,0,0,0,0,0,0,0,0,0,0,0,0,0,0,-0.0341015167071134,0,0.43309147405171,0,0,0,0,0,0,0,0,0,0,0,0,0,0,0,0,0,0,0,0,0,0,0,0,0,0,0,0,0,0,0,0,0,0,0,0,0,0,0,0,0,0,0,0,0,0,0,0,0,0.119281844922768,0,0,0,0,0,0,0,0,0,0,0,0,0,0,0,0,0,0,0,0,0,0,0,0.118099588962325,0,0,-0.109427511772419,0,0,0,0,0,0,0,0,0,0,0,0,0,0,0,0,0,0,0,0,0,0,0,0,-0.559930928133828,0,0,0,0,0,0,0,0,0,0,0,-0.188345117402834,0,0,0,-0.0368773745412774,0,0,0,0.615387466223139,0,0,0.186203903932276,0,0,0,0,0,0,0,0,0,0,0,0,0,0,0,0,0,0,0,0,0,0,0,0.0646240843072796,0,0,0,0,0,0,0,0,0,0,0,0,0,0,0,0,0,0,1.56097376784781,0,0,0,0,0,0,0,0,0,0,0,0,0,0,0,0,0,0,0,0,0,0,-0.839761819078788,0,0,0,0,-0.148550049213297,0,0,0,0,0,0,0,0,0,0,0,0,-0.0192449828389908,0,-0.0482248943604943,-0.427127078474609,0,0,0.237817706559996,0,-0.0613314575886821,0,0,0,0,0,0,0,0,0,0,0,0,0,0,0,0,0,0,0,0,0,0,0,0,0,0,0,0,0,0,0,0.0782620997301247,0,0,0,0,0,0,0.330481695516774,0,0,0,0,0,0,0,0,0,0,0.0925040939023897,0,0,0,0,-0.225020153007635,0,0,0,0,0,0,0,0,0,0,0,0,0,0,0,0,0,0,0,0,-0.523076949837949,0,0,0,0,0,0,0,0,0,0,0,0,0,0,0,0,0,0,0,0,0,0,0,0,0,0,0,0,0,0,0,0,0,0,0,0,-0.722553522193293,0,0,0,0,-0.00167483312402222,0,0,0,0,0,0,0,0,0,-2.24850428162211,0,0,0,0,0,0,0,0,0,0,0,0,0,0.0522364413919087,0,0,0,0,0,0,0,0,0,0,0,0,0,0,0,0,0,0,0,0,0,0,0,0,0,0,0,0,0,0,0,0,0,0,0,0,0,0,0,0,0,0,0,0,0,0,0,0,0,0,0,0,0,0
-5.54596647108977,0,0,0,0,0,0,0,0,0,0,0,0,0,0,0,0,0,0,0,0,0,0,0,0,0,0,0,0,0,0,0,0,0,0,0,0,0,0,0,0,0,0,0,0,0,0,0,0,0,0,0,0,0,0,0,0,0,0,0,0,0,0,0,0,0,0,0,0,0,0,0,0,0,0,0,0,0,0,0,0,0,0,0,0,0,0,0,0,0,0,0,0,0,0,0,0,0,0,0,0,0,0,0,0,0,0,0,0,0,0,0,0,0,0,0,0,0,0,0,0,0,0,0,0,0,0,0,0,0,-0.258872360130633,0,0,0,0,0,0,0,0,0,0,0,0,0,0,0,0,0,0,0,0,0,0,0,0,0,0,0,0,0,0,0,0,0,0,0,0,0,0,0,0,0,0,0,0,0,0,0,0,0,0,0,0,0,0,0,0,0,0,0,0,0,0,0,0,0,0,0,0,0,0,0,0,0,0,0,0,0,0,0,0,0,0,0,0,0,0,0,0,0,0,0,0,0,0,0,0,0,0,0,0,0,0,0,0,0,0,0,0,0,0,0,0,0,0,0,0,0,0,0,0,0,0,0,0,0,0,0,0,0,0,0,0,0,0,0,0,0,0,0.334901421277008,0,0,0,0,0,0,0,0,0,0,0,0,0,0,0,0,0,0,0,0,0,0,0,0,0,0,0,0,0.776671290080386,0,0,0,0,0,0,0,0,0,0,0,0,0,0,0,0,0,0,0,0,0,0,0,0,0,0,0,0,0,0,0,0,0,0,0,0,0,0,0,0,0,0,0,0,0,0,0,0,0,0,0,0,0,0,0.232046714070359,0,0,0,0,0,0,0,0,0,0,0,0,0,0,0,0,0,0,0,0,0,0,0,0,0,0,0,0,0,0,0,0,0,0,0,0,0,0,0,0,0,0,0,0,0,0,0,0,0,0,0,0,0,0,0,-0.0195965145103795,0,0,0,0,0,0,0,0,0,0,0,0,0,0,0,0,0,0,0,0,0,0,0,0,0,0,0,0,0,0,0,0,0,0,0,0,0,0,0,0,0,0,0,0,0,0,0,0,0,0.453053135677371,0,0,0,0,0,0,0,0,0,0,0,0,0,0,0,0,0,0,0,0,0,0,0,0,0,0,0,0,0,0,0,0,0,0,0,0,0,0,0,0,0,0,0,0,0,0,0,0,0,0,0,0,0,0,0,0,0,0,0,0,0,0,-1.08018173582239,0,0,0,0,0,0,0,0,-0.126496820756643,0,0,0,0,0,0,0,0,0,0,0,0,0,0,0,0,0,0,0,0,0,0,0,0,0,0,0,0,0,0,0,0,0,0,0,0,0,0,0,0,0,0,0,0,0,0,0,0,0,0,0,0,0,0,0,0,0,0,0,0,0,0,0,0,0,0,0,0,0,0,0,0,0,0
-6.18269514852055,0,0,0,0,0,0,0,0,0,0,0,0,0,0,0,0,0,0,0,0,0,0,0,0,0,0,0,0,0,0,0,0,0,0,0,0,0,0,0,0,0,0,0,0,0,0,0.0222366191815005,0,0,0,0,0,0,0,0,0,2.64404538583614,0,0,0,0,0,0,0,0,0,0,0,0,0,0,0,0,0,0,0,0,0,0,0,-0.665747081327816,0,0,0,0,0,0,0,0,0,0,0,0,0,0,0,0,0,0,0,0,0,0,0,0,0,0,0,0,0,0,0,0,0,0,0,0,0,0,0,0,0,0,0,0,0,0,0,0,-0.270493225095005,0,0,0,0,0,0,0,0,0,0,0,0,0,0,0,0,0,0,0,0,0,0,0,0,0,0,0,0,0,0,0,0,0,0,0,0,0,0,0,0,0,0,0,0,-0.127194516991425,0,0,0,0,0,0,0,0,-0.266092986657184,0,0,0,0,0,0,0,0,0,0,0,0,0,0,0,0,0,0,0,0,0,0,0,0,0,0,0,0,0,0,0,0,0,0,0,0,0,0,0,0,0,0,0,0,0,0,0,0,0,0,0,0,0,0,0,0,0,0,0,0,0,0,0,0,0,0,0,0,0,0,0,0,0,0,0,0,0,0,0,0,0,0.380328492459024,0,0,0,0,0,0,0,0,0,0,0,0,0,0,0,0,0,0,0,0,0,0,0,0,0,0,0,-0.127541703786491,0,0,0,0.409673036034747,0,0,0,0,1.18214791656573,0,0,0,0,0,0,0,0,0,0,0,0,0,0,0,0,0,0.0238302020183405,0,0,0,0,0,0,0,0,0,0,0,0,0,0,0,0,0,0,0,0,0,0,0,0,0,0,0,0,0,0,0,0.412487977911945,0,-0.360844903129693,0,0,0,0,0,0,0,0,0,0,0,0,0,0,0,0,0,0,0,0,0,0,0,0,0,0,0,0,0,0,0,0,0,0,0,0,0,0,0,0,0,0,0,0,0,0,0,0,0,0,0,0,0,0,0,0,0,0,0,0,0,0,0,0,0,-0.537620155480407,0,0,0,0,0,0,0,0,0,0,0,0,0,0,0,0,0,0,0,0,0,0,0,0,0,0,0,0,0,0,0,0,0,0,0,0,0,1.26018907060337,0,0,0,0,0,0,0,0,0,0,0,0,0,0,0,0,0,0,0,0,0,0,0,0,0,0,0,0,0,0,0,0,0,0,0,0,0,0,0,0,0,0,0,0,0,0,0,0,0,0,0,0,0,0,0,0,0,0,0,0,0,0,-1.41920478921209,0,0,0,0,0,0,0,0,-0.383474203011665,0,0,0,1.97910975184608,0,-0.241109479469148,0,0,0,0,0,0,0,0,0,0,0,0,0,0.0564334473234844,0,0,0,0,0,0,0,0,0,0,0,0,0,0,0,0,0,0,0,0,0,0,0,0,0,0,0,0,0,0,0,0,0,0,-0.229013681791264,0,0,0,0,0,0,0,0,0,0,0,0,0,-0.243465720383426,0,0,0,0,0
